,basin_id,kge_values,nse_values
0,01022500,[0.29447124],[0.24997298]
