{
    "forcing_file":"../data/camels/gauch_etal_2020/nldas_hourly/02212600_hourly_nldas.csv",
    "catchment_area_km2":187.96,
    "alpha_fc":0.33,
    "soil_params":{
        "depth":2.0,
        "satdk":3.193131578947369e-05,
        "satpsi":0.14100000299999998,
        "slop":0.010531464210526318,
        "smcmax":0.4375020889473684,
        "wltsmc":0.046999998,
        "bb":8.0,
        "D":2.0,
        "mult":1000.0
    },
    "refkdt":0.26814802815789474,
    "max_gw_storage":0.027082464217999997,
    "Cgw":1.8e-05,
    "expon":5.0,
    "gw_storage":0.05,
    "soil_storage":0.05,
    "K_lf":0.01,
    "K_nash":0.03,
    "nash_storage":[
        0.0,
        0.0
    ],
    "giuh_ordinates":[
        0.41,
        0.31,
        0.17,
        0.07,
        0.03,
        0.01
    ],
    "stand_alone":1,
    "unit_test":0,
    "compare_results_file":"",
    "partition_scheme":"Schaake",
    "soil_scheme":"ode"
}