{
    "forcing_file":"../data/camels/gauch_etal_2020/nldas_hourly/02297155_hourly_nldas.csv",
    "catchment_area_km2":93.6,
    "alpha_fc":0.33,
    "soil_params":{
        "depth":2.0,
        "satdk":2.965571428571429e-06,
        "satpsi":0.019714285142857144,
        "slop":0.011178270142857143,
        "smcmax":0.4560362229999999,
        "wltsmc":0.009045107285714286,
        "bb":4.0,
        "D":2.0,
        "mult":1000.0
    },
    "refkdt":3.942683270428571,
    "max_gw_storage":0.026070096970000005,
    "Cgw":1.8e-05,
    "expon":6.0,
    "gw_storage":0.05,
    "soil_storage":0.05,
    "K_lf":0.01,
    "K_nash":0.03,
    "nash_storage":[
        0.0,
        0.0
    ],
    "giuh_ordinates":[
        0.29,
        0.22,
        0.17,
        0.12,
        0.06,
        0.05,
        0.03,
        0.02,
        0.01,
        0.01,
        0.01,
        0.01
    ],
    "stand_alone":1,
    "unit_test":0,
    "compare_results_file":"",
    "partition_scheme":"Schaake",
    "soil_scheme":"ode"
}