{
    "forcing_file":"../data/camels/gauch_etal_2020/nldas_hourly/03076600_hourly_nldas.csv",
    "catchment_area_km2":127.4,
    "alpha_fc":0.33,
    "soil_params":{
        "depth":2.0,
        "satdk":5.558333333333334e-06,
        "satpsi":0.4788193972777777,
        "slop":0.24220028577777775,
        "smcmax":0.492561655,
        "wltsmc":0.07255041661111111,
        "bb":5.0,
        "D":2.0,
        "mult":1000.0
    },
    "refkdt":3.929338738666667,
    "max_gw_storage":0.11263002777100001,
    "Cgw":1.8e-05,
    "expon":5.0,
    "gw_storage":0.05,
    "soil_storage":0.05,
    "K_lf":0.01,
    "K_nash":0.03,
    "nash_storage":[
        0.0,
        0.0
    ],
    "giuh_ordinates":[
        0.25,
        0.25,
        0.17,
        0.09,
        0.04,
        0.02,
        0.02,
        0.02,
        0.03,
        0.03,
        0.02,
        0.02,
        0.02,
        0.01,
        0.01,
        0.0
    ],
    "stand_alone":1,
    "unit_test":0,
    "compare_results_file":"",
    "partition_scheme":"Schaake",
    "soil_scheme":"ode"
}