{
    "forcing_file":"../data/camels/gauch_etal_2020/nldas_hourly/02479155_hourly_nldas.csv",
    "catchment_area_km2":137.28,
    "alpha_fc":0.33,
    "soil_params":{
        "depth":2.0,
        "satdk":3.0690375e-05,
        "satpsi":0.141000003,
        "slop":0.0088661211875,
        "smcmax":0.45454104675,
        "wltsmc":0.046999998,
        "bb":8.0,
        "D":2.0,
        "mult":1000.0
    },
    "refkdt":3.7641180986875,
    "max_gw_storage":0.24589689636200002,
    "Cgw":1.8e-05,
    "expon":1.0,
    "gw_storage":0.05,
    "soil_storage":0.05,
    "K_lf":0.01,
    "K_nash":0.03,
    "nash_storage":[
        0.0,
        0.0
    ],
    "giuh_ordinates":[
        0.39,
        0.28,
        0.17,
        0.1,
        0.05,
        0.01,
        0.0
    ],
    "stand_alone":1,
    "unit_test":0,
    "compare_results_file":"",
    "partition_scheme":"Schaake",
    "soil_scheme":"ode"
}