{
    "forcing_file":"../data/camels/gauch_etal_2020/nldas_hourly/03498500_hourly_nldas.csv",
    "catchment_area_km2":696.76,
    "alpha_fc":0.33,
    "soil_params":{
        "depth":2.0,
        "satdk":6.494000000000001e-06,
        "satpsi":0.4555195576179775,
        "slop":0.06338144060674157,
        "smcmax":0.461500264505618,
        "wltsmc":0.07087934791011237,
        "bb":6.573033707865169,
        "D":2.0,
        "mult":1000.0
    },
    "refkdt":1.7790055975617978,
    "max_gw_storage":0.09092859386951685,
    "Cgw":1.8e-05,
    "expon":3.8202247191011236,
    "gw_storage":0.05,
    "soil_storage":0.05,
    "K_lf":0.01,
    "K_nash":0.03,
    "nash_storage":[
        0.0,
        0.0
    ],
    "giuh_ordinates":[
        0.31,
        0.25,
        0.17,
        0.11,
        0.07,
        0.04,
        0.03,
        0.01,
        0.01,
        0.0,
        0.0,
        0.0,
        0.0,
        0.0,
        0.0
    ],
    "stand_alone":1,
    "unit_test":0,
    "compare_results_file":"",
    "partition_scheme":"Schaake",
    "soil_scheme":"ode"
}