{
    "forcing_file":"../data/camels/gauch_etal_2020/nldas_hourly/04127997_hourly_nldas.csv",
    "catchment_area_km2":487.16,
    "alpha_fc":0.33,
    "soil_params":{
        "depth":2.0,
        "satdk":5.6900899999999996e-05,
        "satpsi":0.049555318875,
        "slop":0.4935001929,
        "smcmax":0.412246465575,
        "wltsmc":0.021108706499999998,
        "bb":5.15,
        "D":2.0,
        "mult":1000.0
    },
    "refkdt":0.331628520875,
    "max_gw_storage":0.244491165161,
    "Cgw":1.8e-05,
    "expon":1.0,
    "gw_storage":0.05,
    "soil_storage":0.05,
    "K_lf":0.01,
    "K_nash":0.03,
    "nash_storage":[
        0.0,
        0.0
    ],
    "giuh_ordinates":[
        0.3,
        0.23,
        0.18,
        0.12,
        0.08,
        0.05,
        0.03,
        0.01,
        0.0,
        0.0,
        0.0,
        0.0
    ],
    "stand_alone":1,
    "unit_test":0,
    "compare_results_file":"",
    "partition_scheme":"Schaake",
    "soil_scheme":"ode"
}