{
    "forcing_file":"../data/camels/gauch_etal_2020/nldas_hourly/02231000_hourly_nldas.csv",
    "catchment_area_km2":1748.37,
    "alpha_fc":0.33,
    "soil_params":{
        "depth":2.0,
        "satdk":6.897515094339623e-05,
        "satpsi":0.10682786983962264,
        "slop":0.0915922012264151,
        "smcmax":0.3920960976037737,
        "wltsmc":0.021777952141509436,
        "bb":4.5,
        "D":2.0,
        "mult":1000.0
    },
    "refkdt":3.4934870693113207,
    "max_gw_storage":0.11909614815831134,
    "Cgw":1.8e-05,
    "expon":4.339622641509434,
    "gw_storage":0.05,
    "soil_storage":0.05,
    "K_lf":0.01,
    "K_nash":0.03,
    "nash_storage":[
        0.0,
        0.0
    ],
    "giuh_ordinates":[
        0.22,
        0.11,
        0.1,
        0.08,
        0.07,
        0.06,
        0.06,
        0.05,
        0.04,
        0.03,
        0.03,
        0.03,
        0.02,
        0.02,
        0.01,
        0.01,
        0.01,
        0.01,
        0.01,
        0.01,
        0.01,
        0.01,
        0.0,
        0.0,
        0.0,
        0.0,
        0.0,
        0.0,
        0.0,
        0.0,
        0.0,
        0.0,
        0.0,
        0.0,
        0.0,
        0.0,
        0.0,
        0.0,
        0.0,
        0.0,
        0.0,
        0.0,
        0.0,
        0.0,
        0.0,
        0.0,
        0.0,
        0.0,
        0.0,
        0.0,
        0.0,
        0.0,
        0.0,
        0.0,
        0.0,
        0.0,
        0.0,
        0.0,
        0.0,
        0.0
    ],
    "stand_alone":1,
    "unit_test":0,
    "compare_results_file":"",
    "partition_scheme":"Schaake",
    "soil_scheme":"ode"
}