{
    "forcing_file":"../data/camels/gauch_etal_2020/nldas_hourly/01054200_hourly_nldas.csv",
    "catchment_area_km2":180.98,
    "alpha_fc":0.33,
    "soil_params":{
        "depth":2.0,
        "satdk":8.922461538461538e-06,
        "satpsi":0.13879270676923078,
        "slop":0.1331521759230769,
        "smcmax":0.4370050962307692,
        "wltsmc":0.046863286307692306,
        "bb":5.0,
        "D":2.0,
        "mult":1000.0
    },
    "refkdt":0.6245293439999998,
    "max_gw_storage":0.18944409179700003,
    "Cgw":1.8e-05,
    "expon":7.0,
    "gw_storage":0.05,
    "soil_storage":0.05,
    "K_lf":0.01,
    "K_nash":0.03,
    "nash_storage":[
        0.0,
        0.0
    ],
    "giuh_ordinates":[
        0.19,
        0.18,
        0.17,
        0.14,
        0.11,
        0.08,
        0.06,
        0.04,
        0.02,
        0.01,
        0.0,
        0.0,
        0.0,
        0.0
    ],
    "stand_alone":1,
    "unit_test":0,
    "compare_results_file":"",
    "partition_scheme":"Schaake",
    "soil_scheme":"ode"
}