{
    "forcing_file":"../data/camels/gauch_etal_2020/nldas_hourly/04043050_hourly_nldas.csv",
    "catchment_area_km2":76.62,
    "alpha_fc":0.33,
    "soil_params":{
        "depth":2.0,
        "satdk":1.0082333333333332e-05,
        "satpsi":0.09040664744444445,
        "slop":0.07290953866666666,
        "smcmax":0.3843029684444445,
        "wltsmc":0.021498364555555555,
        "bb":3.6666666666666665,
        "D":2.0,
        "mult":1000.0
    },
    "refkdt":3.6703777958888892,
    "max_gw_storage":0.24398687729177773,
    "Cgw":1.8e-05,
    "expon":1.0,
    "gw_storage":0.05,
    "soil_storage":0.05,
    "K_lf":0.01,
    "K_nash":0.03,
    "nash_storage":[
        0.0,
        0.0
    ],
    "giuh_ordinates":[
        0.45,
        0.26,
        0.15,
        0.09,
        0.03,
        0.02
    ],
    "stand_alone":1,
    "unit_test":0,
    "compare_results_file":"",
    "partition_scheme":"Schaake",
    "soil_scheme":"ode"
}