{
    "forcing_file":"../data/camels/gauch_etal_2020/nldas_hourly/02221525_hourly_nldas.csv",
    "catchment_area_km2":490.8,
    "alpha_fc":0.33,
    "soil_params":{
        "depth":2.0,
        "satdk":7.276499999999998e-06,
        "satpsi":0.14100000300000004,
        "slop":0.026760800983870972,
        "smcmax":0.42573688425806444,
        "wltsmc":0.046999997999999994,
        "bb":8.0,
        "D":2.0,
        "mult":1000.0
    },
    "refkdt":3.8996530356290333,
    "max_gw_storage":0.17400230779812906,
    "Cgw":1.8e-05,
    "expon":1.032258064516129,
    "gw_storage":0.05,
    "soil_storage":0.05,
    "K_lf":0.01,
    "K_nash":0.03,
    "nash_storage":[
        0.0,
        0.0
    ],
    "giuh_ordinates":[
        0.49,
        0.31,
        0.14,
        0.05,
        0.01
    ],
    "stand_alone":1,
    "unit_test":0,
    "compare_results_file":"",
    "partition_scheme":"Schaake",
    "soil_scheme":"ode"
}