{
    "forcing_file":"../data/camels/gauch_etal_2020/nldas_hourly/02056900_hourly_nldas.csv",
    "catchment_area_km2":298.11,
    "alpha_fc":0.33,
    "soil_params":{
        "depth":2.0,
        "satdk":3.400674418604651e-06,
        "satpsi":0.15375066816279068,
        "slop":0.06702110062790696,
        "smcmax":0.4509007165813954,
        "wltsmc":0.0481561908372093,
        "bb":3.2790697674418605,
        "D":2.0,
        "mult":1000.0
    },
    "refkdt":1.850568596534884,
    "max_gw_storage":0.17600494384799997,
    "Cgw":1.8e-05,
    "expon":2.0,
    "gw_storage":0.05,
    "soil_storage":0.05,
    "K_lf":0.01,
    "K_nash":0.03,
    "nash_storage":[
        0.0,
        0.0
    ],
    "giuh_ordinates":[
        0.44,
        0.28,
        0.15,
        0.07,
        0.03,
        0.02,
        0.01,
        0.0,
        0.0,
        0.0,
        0.0
    ],
    "stand_alone":1,
    "unit_test":0,
    "compare_results_file":"",
    "partition_scheme":"Schaake",
    "soil_scheme":"ode"
}