{
    "forcing_file":"../data/camels/gauch_etal_2020/nldas_hourly/03574500_hourly_nldas.csv",
    "catchment_area_km2":813.8,
    "alpha_fc":0.33,
    "soil_params":{
        "depth":2.0,
        "satdk":2.7325576923076925e-06,
        "satpsi":0.5445126533269231,
        "slop":0.007077003788461538,
        "smcmax":0.4698655753461539,
        "wltsmc":0.07465186866346155,
        "bb":2.7788461538461537,
        "D":2.0,
        "mult":1000.0
    },
    "refkdt":1.8306586252980774,
    "max_gw_storage":0.08180009779966345,
    "Cgw":1.8e-05,
    "expon":2.0,
    "gw_storage":0.05,
    "soil_storage":0.05,
    "K_lf":0.01,
    "K_nash":0.03,
    "nash_storage":[
        0.0,
        0.0
    ],
    "giuh_ordinates":[
        0.28,
        0.22,
        0.18,
        0.15,
        0.1,
        0.06,
        0.01
    ],
    "stand_alone":1,
    "unit_test":0,
    "compare_results_file":"",
    "partition_scheme":"Schaake",
    "soil_scheme":"ode"
}