{
    "forcing_file":"../data/camels/gauch_etal_2020/nldas_hourly/02137727_hourly_nldas.csv",
    "catchment_area_km2":329.54,
    "alpha_fc":0.33,
    "soil_params":{
        "depth":2.0,
        "satdk":2.9409024390243905e-06,
        "satpsi":0.2455091892195122,
        "slop":0.06539739902439025,
        "smcmax":0.45381664902439023,
        "wltsmc":0.05732493565853659,
        "bb":2.0,
        "D":2.0,
        "mult":1000.0
    },
    "refkdt":3.7932427614878055,
    "max_gw_storage":0.233372390747,
    "Cgw":1.8e-05,
    "expon":1.0,
    "gw_storage":0.05,
    "soil_storage":0.05,
    "K_lf":0.01,
    "K_nash":0.03,
    "nash_storage":[
        0.0,
        0.0
    ],
    "giuh_ordinates":[
        0.31,
        0.26,
        0.16,
        0.1,
        0.06,
        0.04,
        0.03,
        0.02,
        0.01,
        0.01,
        0.0,
        0.0,
        0.0,
        0.0,
        0.0
    ],
    "stand_alone":1,
    "unit_test":0,
    "compare_results_file":"",
    "partition_scheme":"Schaake",
    "soil_scheme":"ode"
}