{
    "forcing_file":"../data/camels/gauch_etal_2020/nldas_hourly/01568000_hourly_nldas.csv",
    "catchment_area_km2":534.39,
    "alpha_fc":0.33,
    "soil_params":{
        "depth":2.0,
        "satdk":1.9479374999999997e-06,
        "satpsi":0.556929191078125,
        "slop":0.036657519828125006,
        "smcmax":0.46310052062499996,
        "wltsmc":0.075713852609375,
        "bb":3.296875,
        "D":2.0,
        "mult":1000.0
    },
    "refkdt":0.949917599046875,
    "max_gw_storage":0.1386937584875625,
    "Cgw":1.8e-05,
    "expon":5.6875,
    "gw_storage":0.05,
    "soil_storage":0.05,
    "K_lf":0.01,
    "K_nash":0.03,
    "nash_storage":[
        0.0,
        0.0
    ],
    "giuh_ordinates":[
        0.38,
        0.28,
        0.17,
        0.09,
        0.05,
        0.02,
        0.01,
        0.0
    ],
    "stand_alone":1,
    "unit_test":0,
    "compare_results_file":"",
    "partition_scheme":"Schaake",
    "soil_scheme":"ode"
}