{
    "forcing_file":"../data/camels/gauch_etal_2020/nldas_hourly/03186500_hourly_nldas.csv",
    "catchment_area_km2":329.68,
    "alpha_fc":0.33,
    "soil_params":{
        "depth":2.0,
        "satdk":9.238448979591837e-06,
        "satpsi":0.7590000029999999,
        "slop":0.08086799836734694,
        "smcmax":0.5489546553265306,
        "wltsmc":0.08399999900000002,
        "bb":4.0,
        "D":2.0,
        "mult":1000.0
    },
    "refkdt":0.2979055275306122,
    "max_gw_storage":0.010336407660999998,
    "Cgw":1.8e-05,
    "expon":5.0,
    "gw_storage":0.05,
    "soil_storage":0.05,
    "K_lf":0.01,
    "K_nash":0.03,
    "nash_storage":[
        0.0,
        0.0
    ],
    "giuh_ordinates":[
        0.23,
        0.22,
        0.2,
        0.16,
        0.11,
        0.06,
        0.02,
        0.0,
        0.0
    ],
    "stand_alone":1,
    "unit_test":0,
    "compare_results_file":"",
    "partition_scheme":"Schaake",
    "soil_scheme":"ode"
}