{
    "forcing_file":"../data/camels/gauch_etal_2020/nldas_hourly/02118500_hourly_nldas.csv",
    "catchment_area_km2":400.53,
    "alpha_fc":0.33,
    "soil_params":{
        "depth":2.0,
        "satdk":1.4364040816326532e-05,
        "satpsi":0.338789219632653,
        "slop":0.051043909959183675,
        "smcmax":0.44132898661224496,
        "wltsmc":0.06499804234693878,
        "bb":7.0,
        "D":2.0,
        "mult":1000.0
    },
    "refkdt":0.3444724343877551,
    "max_gw_storage":0.24186234345926533,
    "Cgw":1.8e-05,
    "expon":2.0,
    "gw_storage":0.05,
    "soil_storage":0.05,
    "K_lf":0.01,
    "K_nash":0.03,
    "nash_storage":[
        0.0,
        0.0
    ],
    "giuh_ordinates":[
        0.5,
        0.3,
        0.13,
        0.06,
        0.01,
        0.0
    ],
    "stand_alone":1,
    "unit_test":0,
    "compare_results_file":"",
    "partition_scheme":"Schaake",
    "soil_scheme":"ode"
}