{
    "forcing_file":"../data/camels/gauch_etal_2020/nldas_hourly/03049000_hourly_nldas.csv",
    "catchment_area_km2":357.15,
    "alpha_fc":0.33,
    "soil_params":{
        "depth":2.0,
        "satdk":1.0623116279069767e-05,
        "satpsi":0.7096381784651163,
        "slop":0.005458470558139534,
        "smcmax":0.4792834551395349,
        "wltsmc":0.08230799925581396,
        "bb":7.0,
        "D":2.0,
        "mult":1000.0
    },
    "refkdt":3.872890421162791,
    "max_gw_storage":0.22668150329599995,
    "Cgw":1.8e-05,
    "expon":1.0,
    "gw_storage":0.05,
    "soil_storage":0.05,
    "K_lf":0.01,
    "K_nash":0.03,
    "nash_storage":[
        0.0,
        0.0
    ],
    "giuh_ordinates":[
        0.42,
        0.35,
        0.17,
        0.05,
        0.01
    ],
    "stand_alone":1,
    "unit_test":0,
    "compare_results_file":"",
    "partition_scheme":"Schaake",
    "soil_scheme":"ode"
}