{
    "forcing_file":"../data/camels/gauch_etal_2020/nldas_hourly/02215100_hourly_nldas.csv",
    "catchment_area_km2":420.29,
    "alpha_fc":0.33,
    "soil_params":{
        "depth":2.0,
        "satdk":4.3555218181818165e-05,
        "satpsi":0.036149335763636374,
        "slop":0.023130246199999992,
        "smcmax":0.48732187821818185,
        "wltsmc":0.028005494654545465,
        "bb":7.0,
        "D":2.0,
        "mult":1000.0
    },
    "refkdt":3.913178562636363,
    "max_gw_storage":0.13910304260299997,
    "Cgw":1.8e-05,
    "expon":1.0,
    "gw_storage":0.05,
    "soil_storage":0.05,
    "K_lf":0.01,
    "K_nash":0.03,
    "nash_storage":[
        0.0,
        0.0
    ],
    "giuh_ordinates":[
        0.41,
        0.22,
        0.11,
        0.05,
        0.02,
        0.01,
        0.01,
        0.01,
        0.01,
        0.01,
        0.01,
        0.02,
        0.01,
        0.01,
        0.01,
        0.01,
        0.01,
        0.01,
        0.01,
        0.01,
        0.01,
        0.0,
        0.0,
        0.01,
        0.01,
        0.0,
        0.0,
        0.0,
        0.0
    ],
    "stand_alone":1,
    "unit_test":0,
    "compare_results_file":"",
    "partition_scheme":"Schaake",
    "soil_scheme":"ode"
}