{
    "forcing_file":"../data/camels/gauch_etal_2020/nldas_hourly/02128000_hourly_nldas.csv",
    "catchment_area_km2":273.48,
    "alpha_fc":0.33,
    "soil_params":{
        "depth":2.0,
        "satdk":6.978675675675675e-06,
        "satpsi":0.7590000030000001,
        "slop":0.032797659351351344,
        "smcmax":0.48054406440540537,
        "wltsmc":0.083999999,
        "bb":7.0,
        "D":2.0,
        "mult":1000.0
    },
    "refkdt":0.20757338610810813,
    "max_gw_storage":0.011552201943243247,
    "Cgw":1.8e-05,
    "expon":1.0,
    "gw_storage":0.05,
    "soil_storage":0.05,
    "K_lf":0.01,
    "K_nash":0.03,
    "nash_storage":[
        0.0,
        0.0
    ],
    "giuh_ordinates":[
        0.49,
        0.29,
        0.15,
        0.06,
        0.01
    ],
    "stand_alone":1,
    "unit_test":0,
    "compare_results_file":"",
    "partition_scheme":"Schaake",
    "soil_scheme":"ode"
}