{
    "forcing_file":"../data/camels/gauch_etal_2020/nldas_hourly/04197170_hourly_nldas.csv",
    "catchment_area_km2":95.21,
    "alpha_fc":0.33,
    "soil_params":{
        "depth":2.0,
        "satdk":1.0024666666666667e-05,
        "satpsi":0.6603941116666666,
        "slop":0.00569239325,
        "smcmax":0.45403048133333335,
        "wltsmc":0.07960592083333333,
        "bb":8.916666666666666,
        "D":2.0,
        "mult":1000.0
    },
    "refkdt":1.780362251833333,
    "max_gw_storage":0.012349114417999999,
    "Cgw":1.8e-05,
    "expon":1.0,
    "gw_storage":0.05,
    "soil_storage":0.05,
    "K_lf":0.01,
    "K_nash":0.03,
    "nash_storage":[
        0.0,
        0.0
    ],
    "giuh_ordinates":[
        0.55,
        0.26,
        0.12,
        0.05,
        0.01,
        0.01,
        0.0
    ],
    "stand_alone":1,
    "unit_test":0,
    "compare_results_file":"",
    "partition_scheme":"Schaake",
    "soil_scheme":"ode"
}