{
    "forcing_file":"../data/camels/gauch_etal_2020/nldas_hourly/03069500_hourly_nldas.csv",
    "catchment_area_km2":1856.85,
    "alpha_fc":0.33,
    "soil_params":{
        "depth":2.0,
        "satdk":1.2121792207792208e-05,
        "satpsi":0.5662947964978354,
        "slop":0.04591844286147186,
        "smcmax":0.5013447658614718,
        "wltsmc":0.07480019135930735,
        "bb":5.567099567099567,
        "D":2.0,
        "mult":1000.0
    },
    "refkdt":2.0410551760692637,
    "max_gw_storage":0.035103535374632046,
    "Cgw":1.7999999999999994e-05,
    "expon":6.705627705627705,
    "gw_storage":0.05,
    "soil_storage":0.05,
    "K_lf":0.01,
    "K_nash":0.03,
    "nash_storage":[
        0.0,
        0.0
    ],
    "giuh_ordinates":[
        0.28,
        0.26,
        0.2,
        0.12,
        0.07,
        0.04,
        0.02,
        0.01,
        0.0,
        0.0
    ],
    "stand_alone":1,
    "unit_test":0,
    "compare_results_file":"",
    "partition_scheme":"Schaake",
    "soil_scheme":"ode"
}