{
    "forcing_file":"../data/camels/gauch_etal_2020/nldas_hourly/01440000_hourly_nldas.csv",
    "catchment_area_km2":167.72,
    "alpha_fc":0.33,
    "soil_params":{
        "depth":2.0,
        "satdk":1.1370571428571429e-05,
        "satpsi":0.36150324052380955,
        "slop":0.02801282438095238,
        "smcmax":0.47324609847619037,
        "wltsmc":0.06638703257142858,
        "bb":5.0,
        "D":2.0,
        "mult":1000.0
    },
    "refkdt":3.09725545695238,
    "max_gw_storage":0.15948269653299996,
    "Cgw":1.8e-05,
    "expon":3.0,
    "gw_storage":0.05,
    "soil_storage":0.05,
    "K_lf":0.01,
    "K_nash":0.03,
    "nash_storage":[
        0.0,
        0.0
    ],
    "giuh_ordinates":[
        0.41,
        0.25,
        0.16,
        0.1,
        0.05,
        0.02,
        0.01,
        0.0,
        0.0
    ],
    "stand_alone":1,
    "unit_test":0,
    "compare_results_file":"",
    "partition_scheme":"Schaake",
    "soil_scheme":"ode"
}