{
    "forcing_file":"../data/camels/gauch_etal_2020/nldas_hourly/02055100_hourly_nldas.csv",
    "catchment_area_km2":30.54,
    "alpha_fc":0.33,
    "soil_params":{
        "depth":2.0,
        "satdk":6.886e-06,
        "satpsi":0.58397034725,
        "slop":0.08427235549999999,
        "smcmax":0.44812019000000003,
        "wltsmc":0.099403415,
        "bb":8.0,
        "D":2.0,
        "mult":1000.0
    },
    "refkdt":0.5578791157499999,
    "max_gw_storage":0.150219146729,
    "Cgw":1.8e-05,
    "expon":5.0,
    "gw_storage":0.05,
    "soil_storage":0.05,
    "K_lf":0.01,
    "K_nash":0.03,
    "nash_storage":[
        0.0,
        0.0
    ],
    "giuh_ordinates":[
        0.49,
        0.27,
        0.14,
        0.08,
        0.02,
        0.0
    ],
    "stand_alone":1,
    "unit_test":0,
    "compare_results_file":"",
    "partition_scheme":"Schaake",
    "soil_scheme":"ode"
}