{
    "forcing_file":"../data/camels/gauch_etal_2020/nldas_hourly/02395120_hourly_nldas.csv",
    "catchment_area_km2":84.01,
    "alpha_fc":0.33,
    "soil_params":{
        "depth":2.0,
        "satdk":1.776054545454546e-05,
        "satpsi":0.7590000029999999,
        "slop":0.05557107418181818,
        "smcmax":0.4593708733636363,
        "wltsmc":0.083999999,
        "bb":9.0,
        "D":2.0,
        "mult":1000.0
    },
    "refkdt":3.782546403272727,
    "max_gw_storage":0.24838749694800005,
    "Cgw":1.8e-05,
    "expon":2.0,
    "gw_storage":0.05,
    "soil_storage":0.05,
    "K_lf":0.01,
    "K_nash":0.03,
    "nash_storage":[
        0.0,
        0.0
    ],
    "giuh_ordinates":[
        0.44,
        0.31,
        0.18,
        0.06,
        0.01
    ],
    "stand_alone":1,
    "unit_test":0,
    "compare_results_file":"",
    "partition_scheme":"Schaake",
    "soil_scheme":"ode"
}