{
    "forcing_file":"../data/camels/gauch_etal_2020/nldas_hourly/01491000_hourly_nldas.csv",
    "catchment_area_km2":292.04,
    "alpha_fc":0.33,
    "soil_params":{
        "depth":2.0,
        "satdk":2.6495589743589744e-05,
        "satpsi":0.12480994992307697,
        "slop":0.01904868576923077,
        "smcmax":0.45344382248717946,
        "wltsmc":0.04484734541025641,
        "bb":8.0,
        "D":2.0,
        "mult":1000.0
    },
    "refkdt":0.6772483897179487,
    "max_gw_storage":0.04214215469399999,
    "Cgw":1.8e-05,
    "expon":1.0,
    "gw_storage":0.05,
    "soil_storage":0.05,
    "K_lf":0.01,
    "K_nash":0.03,
    "nash_storage":[
        0.0,
        0.0
    ],
    "giuh_ordinates":[
        0.3,
        0.23,
        0.15,
        0.1,
        0.06,
        0.04,
        0.03,
        0.02,
        0.01,
        0.01,
        0.01,
        0.01,
        0.01,
        0.01,
        0.01,
        0.0,
        0.0,
        0.0
    ],
    "stand_alone":1,
    "unit_test":0,
    "compare_results_file":"",
    "partition_scheme":"Schaake",
    "soil_scheme":"ode"
}