{
    "forcing_file":"../data/camels/gauch_etal_2020/nldas_hourly/01638480_hourly_nldas.csv",
    "catchment_area_km2":232.0,
    "alpha_fc":0.33,
    "soil_params":{
        "depth":2.0,
        "satdk":5.694178571428571e-06,
        "satpsi":0.38232657624999994,
        "slop":0.22649278367857142,
        "smcmax":0.44738145632142856,
        "wltsmc":0.0673204270357143,
        "bb":7.0,
        "D":2.0,
        "mult":1000.0
    },
    "refkdt":0.4492649724285715,
    "max_gw_storage":0.017586835861000006,
    "Cgw":1.8e-05,
    "expon":7.0,
    "gw_storage":0.05,
    "soil_storage":0.05,
    "K_lf":0.01,
    "K_nash":0.03,
    "nash_storage":[
        0.0,
        0.0
    ],
    "giuh_ordinates":[
        0.48,
        0.27,
        0.15,
        0.07,
        0.02,
        0.01,
        0.0
    ],
    "stand_alone":1,
    "unit_test":0,
    "compare_results_file":"",
    "partition_scheme":"Schaake",
    "soil_scheme":"ode"
}