{
    "forcing_file":"../data/camels/gauch_etal_2020/nldas_hourly/01439500_hourly_nldas.csv",
    "catchment_area_km2":305.88,
    "alpha_fc":0.33,
    "soil_params":{
        "depth":2.0,
        "satdk":2.9495675675675674e-06,
        "satpsi":0.39817630086486483,
        "slop":0.3395700792972973,
        "smcmax":0.49114819135135135,
        "wltsmc":0.06608204278378378,
        "bb":4.4324324324324325,
        "D":2.0,
        "mult":1000.0
    },
    "refkdt":3.9766317760810823,
    "max_gw_storage":0.06123411178599998,
    "Cgw":1.8e-05,
    "expon":3.0,
    "gw_storage":0.05,
    "soil_storage":0.05,
    "K_lf":0.01,
    "K_nash":0.03,
    "nash_storage":[
        0.0,
        0.0
    ],
    "giuh_ordinates":[
        0.41,
        0.3,
        0.17,
        0.08,
        0.03,
        0.01,
        0.0,
        0.0
    ],
    "stand_alone":1,
    "unit_test":0,
    "compare_results_file":"",
    "partition_scheme":"Schaake",
    "soil_scheme":"ode"
}