{
    "forcing_file":"../data/camels/gauch_etal_2020/nldas_hourly/02059500_hourly_nldas.csv",
    "catchment_area_km2":485.41,
    "alpha_fc":0.33,
    "soil_params":{
        "depth":2.0,
        "satdk":3.905803571428572e-06,
        "satpsi":0.26819524044642856,
        "slop":0.02058375151785714,
        "smcmax":0.3996721446964286,
        "wltsmc":0.05821679725,
        "bb":5.535714285714286,
        "D":2.0,
        "mult":1000.0
    },
    "refkdt":0.7935752080357144,
    "max_gw_storage":0.19241088867199999,
    "Cgw":1.8e-05,
    "expon":2.0,
    "gw_storage":0.05,
    "soil_storage":0.05,
    "K_lf":0.01,
    "K_nash":0.03,
    "nash_storage":[
        0.0,
        0.0
    ],
    "giuh_ordinates":[
        0.43,
        0.29,
        0.14,
        0.07,
        0.03,
        0.02,
        0.01,
        0.01,
        0.0,
        0.0
    ],
    "stand_alone":1,
    "unit_test":0,
    "compare_results_file":"",
    "partition_scheme":"Schaake",
    "soil_scheme":"ode"
}