{
    "forcing_file":"../data/camels/gauch_etal_2020/nldas_hourly/02017500_hourly_nldas.csv",
    "catchment_area_km2":276.15,
    "alpha_fc":0.33,
    "soil_params":{
        "depth":2.0,
        "satdk":4.597931034482757e-06,
        "satpsi":0.24509681396551725,
        "slop":0.02948931096551724,
        "smcmax":0.49330887986206906,
        "wltsmc":0.058277732689655165,
        "bb":3.103448275862069,
        "D":2.0,
        "mult":1000.0
    },
    "refkdt":1.1201978280344829,
    "max_gw_storage":0.15369288635300002,
    "Cgw":1.8e-05,
    "expon":5.0,
    "gw_storage":0.05,
    "soil_storage":0.05,
    "K_lf":0.01,
    "K_nash":0.03,
    "nash_storage":[
        0.0,
        0.0
    ],
    "giuh_ordinates":[
        0.23,
        0.21,
        0.14,
        0.09,
        0.07,
        0.06,
        0.04,
        0.03,
        0.03,
        0.03,
        0.03,
        0.02,
        0.01,
        0.01,
        0.0,
        0.0,
        0.0
    ],
    "stand_alone":1,
    "unit_test":0,
    "compare_results_file":"",
    "partition_scheme":"Schaake",
    "soil_scheme":"ode"
}