{
    "forcing_file":"../data/camels/gauch_etal_2020/nldas_hourly/01055000_hourly_nldas.csv",
    "catchment_area_km2":250.64,
    "alpha_fc":0.33,
    "soil_params":{
        "depth":2.0,
        "satdk":8.2533125e-06,
        "satpsi":0.1302466920625,
        "slop":0.0353948433125,
        "smcmax":0.38876240575,
        "wltsmc":0.0458220515,
        "bb":8.0,
        "D":2.0,
        "mult":1000.0
    },
    "refkdt":1.41254908175,
    "max_gw_storage":0.12889088439899998,
    "Cgw":1.8e-05,
    "expon":5.0,
    "gw_storage":0.05,
    "soil_storage":0.05,
    "K_lf":0.01,
    "K_nash":0.03,
    "nash_storage":[
        0.0,
        0.0
    ],
    "giuh_ordinates":[
        0.21,
        0.22,
        0.19,
        0.14,
        0.11,
        0.07,
        0.04,
        0.02,
        0.0,
        0.0
    ],
    "stand_alone":1,
    "unit_test":0,
    "compare_results_file":"",
    "partition_scheme":"Schaake",
    "soil_scheme":"ode"
}