{
    "forcing_file":"../data/camels/gauch_etal_2020/nldas_hourly/03460000_hourly_nldas.csv",
    "catchment_area_km2":127.02,
    "alpha_fc":0.33,
    "soil_params":{
        "depth":2.0,
        "satdk":3.4803888888888888e-06,
        "satpsi":0.35499998900000007,
        "slop":0.17064520683333337,
        "smcmax":0.49464669594444444,
        "wltsmc":0.066,
        "bb":2.0,
        "D":2.0,
        "mult":1000.0
    },
    "refkdt":3.996601612666667,
    "max_gw_storage":0.187725799561,
    "Cgw":1.8e-05,
    "expon":2.0,
    "gw_storage":0.05,
    "soil_storage":0.05,
    "K_lf":0.01,
    "K_nash":0.03,
    "nash_storage":[
        0.0,
        0.0
    ],
    "giuh_ordinates":[
        0.18,
        0.2,
        0.19,
        0.15,
        0.11,
        0.07,
        0.04,
        0.02,
        0.02,
        0.01,
        0.01,
        0.0
    ],
    "stand_alone":1,
    "unit_test":0,
    "compare_results_file":"",
    "partition_scheme":"Schaake",
    "soil_scheme":"ode"
}