{
    "forcing_file":"../data/camels/gauch_etal_2020/nldas_hourly/03500000_hourly_nldas.csv",
    "catchment_area_km2":361.14,
    "alpha_fc":0.33,
    "soil_params":{
        "depth":2.0,
        "satdk":4.07272e-06,
        "satpsi":0.25554767547999996,
        "slop":0.46575827096000005,
        "smcmax":0.46903668085999994,
        "wltsmc":0.05864251738,
        "bb":7.0,
        "D":2.0,
        "mult":1000.0
    },
    "refkdt":3.6914347617600005,
    "max_gw_storage":0.24986677551300002,
    "Cgw":1.8e-05,
    "expon":2.0,
    "gw_storage":0.05,
    "soil_storage":0.05,
    "K_lf":0.01,
    "K_nash":0.03,
    "nash_storage":[
        0.0,
        0.0
    ],
    "giuh_ordinates":[
        0.35,
        0.24,
        0.16,
        0.11,
        0.07,
        0.04,
        0.02,
        0.01,
        0.0,
        0.0,
        0.0,
        0.0
    ],
    "stand_alone":1,
    "unit_test":0,
    "compare_results_file":"",
    "partition_scheme":"Schaake",
    "soil_scheme":"ode"
}