{
    "forcing_file":"../data/camels/gauch_etal_2020/nldas_hourly/03456500_hourly_nldas.csv",
    "catchment_area_km2":133.43,
    "alpha_fc":0.33,
    "soil_params":{
        "depth":2.0,
        "satdk":1.3117e-05,
        "satpsi":0.35499998900000007,
        "slop":0.0659108273,
        "smcmax":0.48837930835,
        "wltsmc":0.06600000000000002,
        "bb":3.9,
        "D":2.0,
        "mult":1000.0
    },
    "refkdt":2.1202794924,
    "max_gw_storage":0.24563064575199994,
    "Cgw":1.8e-05,
    "expon":2.0,
    "gw_storage":0.05,
    "soil_storage":0.05,
    "K_lf":0.01,
    "K_nash":0.03,
    "nash_storage":[
        0.0,
        0.0
    ],
    "giuh_ordinates":[
        0.23,
        0.19,
        0.17,
        0.13,
        0.1,
        0.07,
        0.05,
        0.03,
        0.02,
        0.01,
        0.0,
        0.0
    ],
    "stand_alone":1,
    "unit_test":0,
    "compare_results_file":"",
    "partition_scheme":"Schaake",
    "soil_scheme":"ode"
}