{
    "forcing_file":"../data/camels/gauch_etal_2020/nldas_hourly/03078000_hourly_nldas.csv",
    "catchment_area_km2":161.48,
    "alpha_fc":0.33,
    "soil_params":{
        "depth":2.0,
        "satdk":4.92042105263158e-06,
        "satpsi":0.49957146857894735,
        "slop":0.0049486137894736845,
        "smcmax":0.4248851472105263,
        "wltsmc":0.07386968768421054,
        "bb":6.0,
        "D":2.0,
        "mult":1000.0
    },
    "refkdt":3.893005476210527,
    "max_gw_storage":0.247466888428,
    "Cgw":1.8e-05,
    "expon":1.0,
    "gw_storage":0.05,
    "soil_storage":0.05,
    "K_lf":0.01,
    "K_nash":0.03,
    "nash_storage":[
        0.0,
        0.0
    ],
    "giuh_ordinates":[
        0.34,
        0.33,
        0.19,
        0.09,
        0.04,
        0.01
    ],
    "stand_alone":1,
    "unit_test":0,
    "compare_results_file":"",
    "partition_scheme":"Schaake",
    "soil_scheme":"ode"
}