{
    "forcing_file":"../data/camels/gauch_etal_2020/nldas_hourly/02296500_hourly_nldas.csv",
    "catchment_area_km2":886.4,
    "alpha_fc":0.33,
    "soil_params":{
        "depth":2.0,
        "satdk":1.1637022471910111e-05,
        "satpsi":0.069551627,
        "slop":0.013707211539325843,
        "smcmax":0.3449281833707865,
        "wltsmc":0.010307108146067414,
        "bb":5.0,
        "D":2.0,
        "mult":1000.0
    },
    "refkdt":3.9468568630449434,
    "max_gw_storage":0.01052097702,
    "Cgw":1.8e-05,
    "expon":7.0,
    "gw_storage":0.05,
    "soil_storage":0.05,
    "K_lf":0.01,
    "K_nash":0.03,
    "nash_storage":[
        0.0,
        0.0
    ],
    "giuh_ordinates":[
        0.25,
        0.18,
        0.14,
        0.1,
        0.08,
        0.06,
        0.04,
        0.03,
        0.03,
        0.02,
        0.02,
        0.01,
        0.01,
        0.01,
        0.01,
        0.01,
        0.0,
        0.0,
        0.0,
        0.0,
        0.0,
        0.0
    ],
    "stand_alone":1,
    "unit_test":0,
    "compare_results_file":"",
    "partition_scheme":"Schaake",
    "soil_scheme":"ode"
}