{
    "forcing_file":"../data/camels/gauch_etal_2020/nldas_hourly/03473000_hourly_nldas.csv",
    "catchment_area_km2":784.81,
    "alpha_fc":0.33,
    "soil_params":{
        "depth":2.0,
        "satdk":8.41345871559633e-06,
        "satpsi":0.4651595958256881,
        "slop":0.0675831439174312,
        "smcmax":0.4707975441834863,
        "wltsmc":0.07146018043119266,
        "bb":3.9174311926605503,
        "D":2.0,
        "mult":1000.0
    },
    "refkdt":3.375520686128441,
    "max_gw_storage":0.17985538751235783,
    "Cgw":1.8e-05,
    "expon":2.3211009174311927,
    "gw_storage":0.05,
    "soil_storage":0.05,
    "K_lf":0.01,
    "K_nash":0.03,
    "nash_storage":[
        0.0,
        0.0
    ],
    "giuh_ordinates":[
        0.31,
        0.27,
        0.19,
        0.11,
        0.06,
        0.03,
        0.02,
        0.01,
        0.0,
        0.0,
        0.0,
        0.0
    ],
    "stand_alone":1,
    "unit_test":0,
    "compare_results_file":"",
    "partition_scheme":"Schaake",
    "soil_scheme":"ode"
}