{
    "forcing_file":"../data/camels/gauch_etal_2020/nldas_hourly/03281500_hourly_nldas.csv",
    "catchment_area_km2":1838.22,
    "alpha_fc":0.33,
    "soil_params":{
        "depth":2.0,
        "satdk":5.045436440677966e-06,
        "satpsi":0.7517770490381356,
        "slop":0.01896101561864407,
        "smcmax":0.5061540372245762,
        "wltsmc":0.08378373347457625,
        "bb":4.546610169491525,
        "D":2.0,
        "mult":1000.0
    },
    "refkdt":1.624002579542373,
    "max_gw_storage":0.024878101740627115,
    "Cgw":1.7999999999999997e-05,
    "expon":4.377118644067797,
    "gw_storage":0.05,
    "soil_storage":0.05,
    "K_lf":0.01,
    "K_nash":0.03,
    "nash_storage":[
        0.0,
        0.0
    ],
    "giuh_ordinates":[
        0.29,
        0.33,
        0.26,
        0.1,
        0.02,
        0.0,
        0.0,
        0.0,
        0.0,
        0.0
    ],
    "stand_alone":1,
    "unit_test":0,
    "compare_results_file":"",
    "partition_scheme":"Schaake",
    "soil_scheme":"ode"
}