{
    "forcing_file":"../data/camels/gauch_etal_2020/nldas_hourly/04024430_hourly_nldas.csv",
    "catchment_area_km2":1091.25,
    "alpha_fc":0.33,
    "soil_params":{
        "depth":2.0,
        "satdk":5.362948305084747e-05,
        "satpsi":0.2736666287881356,
        "slop":0.011180959661016947,
        "smcmax":0.47325324795762713,
        "wltsmc":0.06585982169491524,
        "bb":7.491525423728813,
        "D":2.0,
        "mult":1000.0
    },
    "refkdt":0.44425534276271195,
    "max_gw_storage":0.24918014526399987,
    "Cgw":1.799999999999999e-05,
    "expon":1.0,
    "gw_storage":0.05,
    "soil_storage":0.05,
    "K_lf":0.01,
    "K_nash":0.03,
    "nash_storage":[
        0.0,
        0.0
    ],
    "giuh_ordinates":[
        0.39,
        0.22,
        0.15,
        0.1,
        0.06,
        0.04,
        0.02,
        0.01,
        0.01,
        0.0,
        0.0,
        0.0
    ],
    "stand_alone":1,
    "unit_test":0,
    "compare_results_file":"",
    "partition_scheme":"Schaake",
    "soil_scheme":"ode"
}