{
    "forcing_file":"../data/camels/gauch_etal_2020/nldas_hourly/02479560_hourly_nldas.csv",
    "catchment_area_km2":1454.33,
    "alpha_fc":0.33,
    "soil_params":{
        "depth":2.0,
        "satdk":1.441168648648649e-05,
        "satpsi":0.14189945325405406,
        "slop":0.033165301291891894,
        "smcmax":0.5051650302594596,
        "wltsmc":0.047118245281081085,
        "bb":7.0,
        "D":2.0,
        "mult":1000.0
    },
    "refkdt":1.6265881503945947,
    "max_gw_storage":0.24602674865699997,
    "Cgw":1.8000000000000004e-05,
    "expon":1.0,
    "gw_storage":0.05,
    "soil_storage":0.05,
    "K_lf":0.01,
    "K_nash":0.03,
    "nash_storage":[
        0.0,
        0.0
    ],
    "giuh_ordinates":[
        0.46,
        0.29,
        0.15,
        0.07,
        0.02,
        0.01,
        0.0,
        0.0
    ],
    "stand_alone":1,
    "unit_test":0,
    "compare_results_file":"",
    "partition_scheme":"Schaake",
    "soil_scheme":"ode"
}