{
    "forcing_file":"../data/camels/gauch_etal_2020/nldas_hourly/01605500_hourly_nldas.csv",
    "catchment_area_km2":463.85,
    "alpha_fc":0.33,
    "soil_params":{
        "depth":2.0,
        "satdk":6.387818181818182e-06,
        "satpsi":0.3129175509272727,
        "slop":0.06620781227272728,
        "smcmax":0.4923036393090909,
        "wltsmc":0.061783198218181824,
        "bb":3.5090909090909093,
        "D":2.0,
        "mult":1000.0
    },
    "refkdt":1.8864219280363637,
    "max_gw_storage":0.15789077758799996,
    "Cgw":1.8e-05,
    "expon":2.0,
    "gw_storage":0.05,
    "soil_storage":0.05,
    "K_lf":0.01,
    "K_nash":0.03,
    "nash_storage":[
        0.0,
        0.0
    ],
    "giuh_ordinates":[
        0.22,
        0.26,
        0.19,
        0.13,
        0.08,
        0.05,
        0.04,
        0.02,
        0.01,
        0.0,
        0.0,
        0.0,
        0.0,
        0.0,
        0.0
    ],
    "stand_alone":1,
    "unit_test":0,
    "compare_results_file":"",
    "partition_scheme":"Schaake",
    "soil_scheme":"ode"
}