{
    "forcing_file":"../data/camels/gauch_etal_2020/nldas_hourly/01078000_hourly_nldas.csv",
    "catchment_area_km2":222.46,
    "alpha_fc":0.33,
    "soil_params":{
        "depth":2.0,
        "satdk":5.673125e-06,
        "satpsi":0.141000003,
        "slop":0.05877802758333334,
        "smcmax":0.448821808875,
        "wltsmc":0.04699999800000001,
        "bb":5.0,
        "D":2.0,
        "mult":1000.0
    },
    "refkdt":1.6075959106666666,
    "max_gw_storage":0.10800309597004165,
    "Cgw":1.8e-05,
    "expon":3.0,
    "gw_storage":0.05,
    "soil_storage":0.05,
    "K_lf":0.01,
    "K_nash":0.03,
    "nash_storage":[
        0.0,
        0.0
    ],
    "giuh_ordinates":[
        0.33,
        0.28,
        0.2,
        0.11,
        0.05,
        0.02,
        0.01,
        0.0
    ],
    "stand_alone":1,
    "unit_test":0,
    "compare_results_file":"",
    "partition_scheme":"Schaake",
    "soil_scheme":"ode"
}