{
    "forcing_file":"../data/camels/gauch_etal_2020/nldas_hourly/01543000_hourly_nldas.csv",
    "catchment_area_km2":705.5,
    "alpha_fc":0.33,
    "soil_params":{
        "depth":2.0,
        "satdk":9.046101123595506e-06,
        "satpsi":0.5092743339213484,
        "slop":0.05235203653932584,
        "smcmax":0.45602410621348316,
        "wltsmc":0.07377974684269664,
        "bb":7.0,
        "D":2.0,
        "mult":1000.0
    },
    "refkdt":3.825244416337079,
    "max_gw_storage":0.10456717081861798,
    "Cgw":1.8e-05,
    "expon":3.0,
    "gw_storage":0.05,
    "soil_storage":0.05,
    "K_lf":0.01,
    "K_nash":0.03,
    "nash_storage":[
        0.0,
        0.0
    ],
    "giuh_ordinates":[
        0.27,
        0.26,
        0.23,
        0.13,
        0.05,
        0.02,
        0.01,
        0.01,
        0.01,
        0.01,
        0.0,
        0.0
    ],
    "stand_alone":1,
    "unit_test":0,
    "compare_results_file":"",
    "partition_scheme":"Schaake",
    "soil_scheme":"ode"
}