{
    "forcing_file":"../data/camels/gauch_etal_2020/nldas_hourly/03504000_hourly_nldas.csv",
    "catchment_area_km2":134.52,
    "alpha_fc":0.33,
    "soil_params":{
        "depth":2.0,
        "satdk":5.841260869565216e-06,
        "satpsi":0.3549999890000001,
        "slop":0.09548667991304347,
        "smcmax":0.4655490623043477,
        "wltsmc":0.06600000000000002,
        "bb":2.0,
        "D":2.0,
        "mult":1000.0
    },
    "refkdt":3.657857949695652,
    "max_gw_storage":0.24685476072982612,
    "Cgw":1.8e-05,
    "expon":2.0,
    "gw_storage":0.05,
    "soil_storage":0.05,
    "K_lf":0.01,
    "K_nash":0.03,
    "nash_storage":[
        0.0,
        0.0
    ],
    "giuh_ordinates":[
        0.29,
        0.26,
        0.2,
        0.13,
        0.07,
        0.03,
        0.01,
        0.01,
        0.0
    ],
    "stand_alone":1,
    "unit_test":0,
    "compare_results_file":"",
    "partition_scheme":"Schaake",
    "soil_scheme":"ode"
}