{
    "forcing_file":"../data/camels/gauch_etal_2020/nldas_hourly/02464000_hourly_nldas.csv",
    "catchment_area_km2":578.94,
    "alpha_fc":0.33,
    "soil_params":{
        "depth":2.0,
        "satdk":6.664173913043479e-06,
        "satpsi":0.5382724624057972,
        "slop":0.012622854449275361,
        "smcmax":0.4806949028840579,
        "wltsmc":0.07308613221739131,
        "bb":5.7101449275362315,
        "D":2.0,
        "mult":1000.0
    },
    "refkdt":0.3979511406376811,
    "max_gw_storage":0.12766187286399996,
    "Cgw":1.8e-05,
    "expon":4.0,
    "gw_storage":0.05,
    "soil_storage":0.05,
    "K_lf":0.01,
    "K_nash":0.03,
    "nash_storage":[
        0.0,
        0.0
    ],
    "giuh_ordinates":[
        0.43,
        0.35,
        0.16,
        0.05,
        0.01
    ],
    "stand_alone":1,
    "unit_test":0,
    "compare_results_file":"",
    "partition_scheme":"Schaake",
    "soil_scheme":"ode"
}