{
    "forcing_file":"../data/camels/gauch_etal_2020/nldas_hourly/04197100_hourly_nldas.csv",
    "catchment_area_km2":388.21,
    "alpha_fc":0.33,
    "soil_params":{
        "depth":2.0,
        "satdk":1.8400307692307695e-05,
        "satpsi":0.7197423582884613,
        "slop":0.0045424107692307696,
        "smcmax":0.5066054770576923,
        "wltsmc":0.08384919376923079,
        "bb":8.0,
        "D":2.0,
        "mult":1000.0
    },
    "refkdt":0.3227447653461538,
    "max_gw_storage":0.11576575604515385,
    "Cgw":1.8e-05,
    "expon":2.0,
    "gw_storage":0.05,
    "soil_storage":0.05,
    "K_lf":0.01,
    "K_nash":0.03,
    "nash_storage":[
        0.0,
        0.0
    ],
    "giuh_ordinates":[
        0.44,
        0.23,
        0.13,
        0.07,
        0.03,
        0.01,
        0.01,
        0.01,
        0.01,
        0.01,
        0.01,
        0.01,
        0.01,
        0.01,
        0.01,
        0.0,
        0.0,
        0.0,
        0.0,
        0.0,
        0.0,
        0.0,
        0.0,
        0.0,
        0.0,
        0.0,
        0.0,
        0.0,
        0.0
    ],
    "stand_alone":1,
    "unit_test":0,
    "compare_results_file":"",
    "partition_scheme":"Schaake",
    "soil_scheme":"ode"
}