{
    "forcing_file":"../data/camels/gauch_etal_2020/nldas_hourly/01666500_hourly_nldas.csv",
    "catchment_area_km2":463.15,
    "alpha_fc":0.33,
    "soil_params":{
        "depth":2.0,
        "satdk":2.467706896551724e-06,
        "satpsi":0.41153866863793104,
        "slop":0.242203653862069,
        "smcmax":0.4918664463965518,
        "wltsmc":0.06715758912068966,
        "bb":5.706896551724138,
        "D":2.0,
        "mult":1000.0
    },
    "refkdt":0.9479664606551723,
    "max_gw_storage":0.08651905309881036,
    "Cgw":1.8e-05,
    "expon":1.103448275862069,
    "gw_storage":0.05,
    "soil_storage":0.05,
    "K_lf":0.01,
    "K_nash":0.03,
    "nash_storage":[
        0.0,
        0.0
    ],
    "giuh_ordinates":[
        0.37,
        0.26,
        0.15,
        0.09,
        0.05,
        0.03,
        0.02,
        0.01,
        0.01,
        0.01,
        0.0,
        0.0,
        0.0,
        0.0
    ],
    "stand_alone":1,
    "unit_test":0,
    "compare_results_file":"",
    "partition_scheme":"Schaake",
    "soil_scheme":"ode"
}