{
    "forcing_file":"../data/camels/gauch_etal_2020/nldas_hourly/01413500_hourly_nldas.csv",
    "catchment_area_km2":424.1,
    "alpha_fc":0.33,
    "soil_params":{
        "depth":2.0,
        "satdk":3.71835e-06,
        "satpsi":0.682140729,
        "slop":0.2847096798,
        "smcmax":0.5042520541,
        "wltsmc":0.08157158560000001,
        "bb":4.8,
        "D":2.0,
        "mult":1000.0
    },
    "refkdt":3.63481223555,
    "max_gw_storage":0.1571213378904,
    "Cgw":1.8e-05,
    "expon":5.4,
    "gw_storage":0.05,
    "soil_storage":0.05,
    "K_lf":0.01,
    "K_nash":0.03,
    "nash_storage":[
        0.0,
        0.0
    ],
    "giuh_ordinates":[
        0.18,
        0.18,
        0.19,
        0.16,
        0.12,
        0.08,
        0.05,
        0.03,
        0.01,
        0.0
    ],
    "stand_alone":1,
    "unit_test":0,
    "compare_results_file":"",
    "partition_scheme":"Schaake",
    "soil_scheme":"ode"
}