{
    "forcing_file":"../data/camels/gauch_etal_2020/nldas_hourly/01144000_hourly_nldas.csv",
    "catchment_area_km2":1790.24,
    "alpha_fc":0.33,
    "soil_params":{
        "depth":2.0,
        "satdk":1.0959377880184332e-05,
        "satpsi":0.2685867868986175,
        "slop":0.10295556675576036,
        "smcmax":0.46464533113364054,
        "wltsmc":0.05950489960368663,
        "bb":5.511520737327189,
        "D":2.0,
        "mult":1000.0
    },
    "refkdt":2.958128851304148,
    "max_gw_storage":0.19657557996137787,
    "Cgw":1.8e-05,
    "expon":4.695852534562212,
    "gw_storage":0.05,
    "soil_storage":0.05,
    "K_lf":0.01,
    "K_nash":0.03,
    "nash_storage":[
        0.0,
        0.0
    ],
    "giuh_ordinates":[
        0.29,
        0.25,
        0.2,
        0.13,
        0.07,
        0.03,
        0.02,
        0.01,
        0.0,
        0.0,
        0.0
    ],
    "stand_alone":1,
    "unit_test":0,
    "compare_results_file":"",
    "partition_scheme":"Schaake",
    "soil_scheme":"ode"
}