{
    "forcing_file":"../data/camels/gauch_etal_2020/nldas_hourly/03479000_hourly_nldas.csv",
    "catchment_area_km2":235.6,
    "alpha_fc":0.33,
    "soil_params":{
        "depth":2.0,
        "satdk":1.51422e-05,
        "satpsi":0.3125706243333333,
        "slop":0.05025597620000001,
        "smcmax":0.4528872313333333,
        "wltsmc":0.06306053833333333,
        "bb":5.9,
        "D":2.0,
        "mult":1000.0
    },
    "refkdt":0.7072169491333332,
    "max_gw_storage":0.19459059143100002,
    "Cgw":1.8e-05,
    "expon":3.0,
    "gw_storage":0.05,
    "soil_storage":0.05,
    "K_lf":0.01,
    "K_nash":0.03,
    "nash_storage":[
        0.0,
        0.0
    ],
    "giuh_ordinates":[
        0.34,
        0.28,
        0.18,
        0.1,
        0.05,
        0.03,
        0.01,
        0.01,
        0.0,
        0.0,
        0.0,
        0.0
    ],
    "stand_alone":1,
    "unit_test":0,
    "compare_results_file":"",
    "partition_scheme":"Schaake",
    "soil_scheme":"ode"
}