{
    "forcing_file":"../data/camels/gauch_etal_2020/nldas_hourly/01644000_hourly_nldas.csv",
    "catchment_area_km2":859.17,
    "alpha_fc":0.33,
    "soil_params":{
        "depth":2.0,
        "satdk":1.776389423076923e-05,
        "satpsi":0.4263696706826923,
        "slop":0.03716688404807693,
        "smcmax":0.4498525541346154,
        "wltsmc":0.07086127652884616,
        "bb":6.5,
        "D":2.0,
        "mult":1000.0
    },
    "refkdt":0.48454692236538466,
    "max_gw_storage":0.05701238011239424,
    "Cgw":1.8e-05,
    "expon":3.0,
    "gw_storage":0.05,
    "soil_storage":0.05,
    "K_lf":0.01,
    "K_nash":0.03,
    "nash_storage":[
        0.0,
        0.0
    ],
    "giuh_ordinates":[
        0.45,
        0.3,
        0.16,
        0.06,
        0.02,
        0.01,
        0.0,
        0.0
    ],
    "stand_alone":1,
    "unit_test":0,
    "compare_results_file":"",
    "partition_scheme":"Schaake",
    "soil_scheme":"ode"
}