{
    "forcing_file":"../data/camels/gauch_etal_2020/nldas_hourly/02374500_hourly_nldas.csv",
    "catchment_area_km2":445.72,
    "alpha_fc":0.33,
    "soil_params":{
        "depth":2.0,
        "satdk":4.182681355932203e-05,
        "satpsi":0.1454970613898305,
        "slop":0.47472627905084747,
        "smcmax":0.49805539971186447,
        "wltsmc":0.0471986750338983,
        "bb":8.0,
        "D":2.0,
        "mult":1000.0
    },
    "refkdt":3.9094565359999995,
    "max_gw_storage":0.24905178833000002,
    "Cgw":1.8e-05,
    "expon":1.0,
    "gw_storage":0.05,
    "soil_storage":0.05,
    "K_lf":0.01,
    "K_nash":0.03,
    "nash_storage":[
        0.0,
        0.0
    ],
    "giuh_ordinates":[
        0.49,
        0.3,
        0.14,
        0.05,
        0.02,
        0.0
    ],
    "stand_alone":1,
    "unit_test":0,
    "compare_results_file":"",
    "partition_scheme":"Schaake",
    "soil_scheme":"ode"
}