{
    "forcing_file":"../data/camels/gauch_etal_2020/nldas_hourly/02381600_hourly_nldas.csv",
    "catchment_area_km2":10.32,
    "alpha_fc":0.33,
    "soil_params":{
        "depth":2.0,
        "satdk":5.04175e-06,
        "satpsi":0.1577981435,
        "slop":0.08516122425,
        "smcmax":0.46369240349999996,
        "wltsmc":0.04839211975,
        "bb":3.0,
        "D":2.0,
        "mult":1000.0
    },
    "refkdt":3.93534313225,
    "max_gw_storage":0.229902084351,
    "Cgw":1.8e-05,
    "expon":2.0,
    "gw_storage":0.05,
    "soil_storage":0.05,
    "K_lf":0.01,
    "K_nash":0.03,
    "nash_storage":[
        0.0,
        0.0
    ],
    "giuh_ordinates":[
        0.44,
        0.33,
        0.15,
        0.06,
        0.02
    ],
    "stand_alone":1,
    "unit_test":0,
    "compare_results_file":"",
    "partition_scheme":"Schaake",
    "soil_scheme":"ode"
}