{
    "forcing_file":"../data/camels/gauch_etal_2020/nldas_hourly/01583500_hourly_nldas.csv",
    "catchment_area_km2":155.85,
    "alpha_fc":0.33,
    "soil_params":{
        "depth":2.0,
        "satdk":1.90947619047619e-06,
        "satpsi":0.39597035904761907,
        "slop":0.054367321809523805,
        "smcmax":0.44552820800000004,
        "wltsmc":0.06806303257142858,
        "bb":3.0,
        "D":2.0,
        "mult":1000.0
    },
    "refkdt":2.8366237781428563,
    "max_gw_storage":0.24598266601600005,
    "Cgw":1.8e-05,
    "expon":2.0,
    "gw_storage":0.05,
    "soil_storage":0.05,
    "K_lf":0.01,
    "K_nash":0.03,
    "nash_storage":[
        0.0,
        0.0
    ],
    "giuh_ordinates":[
        0.45,
        0.33,
        0.17,
        0.05
    ],
    "stand_alone":1,
    "unit_test":0,
    "compare_results_file":"",
    "partition_scheme":"Schaake",
    "soil_scheme":"ode"
}