{
    "forcing_file":"../data/camels/gauch_etal_2020/nldas_hourly/03604000_hourly_nldas.csv",
    "catchment_area_km2":1163.03,
    "alpha_fc":0.33,
    "soil_params":{
        "depth":2.0,
        "satdk":7.265510204081632e-07,
        "satpsi":0.7590000029999998,
        "slop":0.2707608225510204,
        "smcmax":0.4667014726734693,
        "wltsmc":0.083999999,
        "bb":6.0,
        "D":2.0,
        "mult":1000.0
    },
    "refkdt":3.2261870906938777,
    "max_gw_storage":0.24540489196800006,
    "Cgw":1.8e-05,
    "expon":1.0,
    "gw_storage":0.05,
    "soil_storage":0.05,
    "K_lf":0.01,
    "K_nash":0.03,
    "nash_storage":[
        0.0,
        0.0
    ],
    "giuh_ordinates":[
        0.41,
        0.32,
        0.17,
        0.07,
        0.02,
        0.01
    ],
    "stand_alone":1,
    "unit_test":0,
    "compare_results_file":"",
    "partition_scheme":"Schaake",
    "soil_scheme":"ode"
}