{
    "forcing_file":"../data/camels/gauch_etal_2020/nldas_hourly/02152100_hourly_nldas.csv",
    "catchment_area_km2":154.99,
    "alpha_fc":0.33,
    "soil_params":{
        "depth":2.0,
        "satdk":4.834210526315789e-06,
        "satpsi":0.2643934932105263,
        "slop":0.19261304600000004,
        "smcmax":0.42871634721052637,
        "wltsmc":0.05927552821052631,
        "bb":5.0,
        "D":2.0,
        "mult":1000.0
    },
    "refkdt":1.6942365125789471,
    "max_gw_storage":0.23671440124500004,
    "Cgw":1.8e-05,
    "expon":1.0,
    "gw_storage":0.05,
    "soil_storage":0.05,
    "K_lf":0.01,
    "K_nash":0.03,
    "nash_storage":[
        0.0,
        0.0
    ],
    "giuh_ordinates":[
        0.37,
        0.3,
        0.18,
        0.09,
        0.04,
        0.01,
        0.01,
        0.0,
        0.0
    ],
    "stand_alone":1,
    "unit_test":0,
    "compare_results_file":"",
    "partition_scheme":"Schaake",
    "soil_scheme":"ode"
}