{
    "forcing_file":"../data/camels/gauch_etal_2020/nldas_hourly/01510000_hourly_nldas.csv",
    "catchment_area_km2":382.99,
    "alpha_fc":0.33,
    "soil_params":{
        "depth":2.0,
        "satdk":2.72136e-06,
        "satpsi":0.7099968512000001,
        "slop":0.11421394736000001,
        "smcmax":0.47202805863999997,
        "wltsmc":0.08300137669999998,
        "bb":6.0,
        "D":2.0,
        "mult":1000.0
    },
    "refkdt":1.9174005518000001,
    "max_gw_storage":0.06271991348299999,
    "Cgw":1.8e-05,
    "expon":3.0,
    "gw_storage":0.05,
    "soil_storage":0.05,
    "K_lf":0.01,
    "K_nash":0.03,
    "nash_storage":[
        0.0,
        0.0
    ],
    "giuh_ordinates":[
        0.39,
        0.31,
        0.2,
        0.08,
        0.02,
        0.0
    ],
    "stand_alone":1,
    "unit_test":0,
    "compare_results_file":"",
    "partition_scheme":"Schaake",
    "soil_scheme":"ode"
}