{
    "forcing_file":"../data/camels/gauch_etal_2020/nldas_hourly/02472000_hourly_nldas.csv",
    "catchment_area_km2":1927.13,
    "alpha_fc":0.33,
    "soil_params":{
        "depth":2.0,
        "satdk":8.347711934156381e-06,
        "satpsi":0.19988557419341565,
        "slop":0.06818431131687244,
        "smcmax":0.5065870600781893,
        "wltsmc":0.0679269253621399,
        "bb":9.251028806584362,
        "D":2.0,
        "mult":1000.0
    },
    "refkdt":0.38451666632510284,
    "max_gw_storage":0.24127418518100002,
    "Cgw":1.7999999999999997e-05,
    "expon":1.0,
    "gw_storage":0.05,
    "soil_storage":0.05,
    "K_lf":0.01,
    "K_nash":0.03,
    "nash_storage":[
        0.0,
        0.0
    ],
    "giuh_ordinates":[
        0.44,
        0.27,
        0.15,
        0.08,
        0.04,
        0.01,
        0.01,
        0.0
    ],
    "stand_alone":1,
    "unit_test":0,
    "compare_results_file":"",
    "partition_scheme":"Schaake",
    "soil_scheme":"ode"
}