{
    "forcing_file":"../data/camels/gauch_etal_2020/nldas_hourly/04213075_hourly_nldas.csv",
    "catchment_area_km2":11.65,
    "alpha_fc":0.33,
    "soil_params":{
        "depth":2.0,
        "satdk":5.158e-06,
        "satpsi":0.692851506,
        "slop":0.019360876,
        "smcmax":0.532473478,
        "wltsmc":0.082783179,
        "bb":4.0,
        "D":2.0,
        "mult":1000.0
    },
    "refkdt":0.454998879,
    "max_gw_storage":0.227395019531,
    "Cgw":1.8e-05,
    "expon":4.0,
    "gw_storage":0.05,
    "soil_storage":0.05,
    "K_lf":0.01,
    "K_nash":0.03,
    "nash_storage":[
        0.0,
        0.0
    ],
    "giuh_ordinates":[
        0.08,
        0.07,
        0.05,
        0.05,
        0.05,
        0.07,
        0.08,
        0.08,
        0.07,
        0.08,
        0.08,
        0.09,
        0.06,
        0.06,
        0.03,
        0.0
    ],
    "stand_alone":1,
    "unit_test":0,
    "compare_results_file":"",
    "partition_scheme":"Schaake",
    "soil_scheme":"ode"
}