{
    "forcing_file":"../data/camels/gauch_etal_2020/nldas_hourly/03237500_hourly_nldas.csv",
    "catchment_area_km2":1003.21,
    "alpha_fc":0.33,
    "soil_params":{
        "depth":2.0,
        "satdk":2.0300703125000003e-06,
        "satpsi":0.7590000030000001,
        "slop":0.017448343562500003,
        "smcmax":0.5081093828125001,
        "wltsmc":0.083999999,
        "bb":5.0,
        "D":2.0,
        "mult":1000.0
    },
    "refkdt":0.15305948771875,
    "max_gw_storage":0.011629036902999998,
    "Cgw":1.8e-05,
    "expon":7.0,
    "gw_storage":0.05,
    "soil_storage":0.05,
    "K_lf":0.01,
    "K_nash":0.03,
    "nash_storage":[
        0.0,
        0.0
    ],
    "giuh_ordinates":[
        0.48,
        0.32,
        0.14,
        0.05,
        0.01,
        0.0,
        0.0
    ],
    "stand_alone":1,
    "unit_test":0,
    "compare_results_file":"",
    "partition_scheme":"Schaake",
    "soil_scheme":"ode"
}