{
    "forcing_file":"../data/camels/gauch_etal_2020/nldas_hourly/01547700_hourly_nldas.csv",
    "catchment_area_km2":113.54,
    "alpha_fc":0.33,
    "soil_params":{
        "depth":2.0,
        "satdk":8.273571428571428e-06,
        "satpsi":0.6045975295714285,
        "slop":0.07047147385714286,
        "smcmax":0.5112354440000001,
        "wltsmc":0.07787475057142858,
        "bb":4.142857142857143,
        "D":2.0,
        "mult":1000.0
    },
    "refkdt":1.1908767657142858,
    "max_gw_storage":0.11722592163100003,
    "Cgw":1.8e-05,
    "expon":7.0,
    "gw_storage":0.05,
    "soil_storage":0.05,
    "K_lf":0.01,
    "K_nash":0.03,
    "nash_storage":[
        0.0,
        0.0
    ],
    "giuh_ordinates":[
        0.19,
        0.17,
        0.13,
        0.08,
        0.05,
        0.04,
        0.03,
        0.04,
        0.04,
        0.04,
        0.04,
        0.03,
        0.03,
        0.03,
        0.03,
        0.02,
        0.01
    ],
    "stand_alone":1,
    "unit_test":0,
    "compare_results_file":"",
    "partition_scheme":"Schaake",
    "soil_scheme":"ode"
}