{
    "forcing_file":"../data/camels/gauch_etal_2020/nldas_hourly/04040500_hourly_nldas.csv",
    "catchment_area_km2":419.83,
    "alpha_fc":0.33,
    "soil_params":{
        "depth":2.0,
        "satdk":1.7418244444444448e-05,
        "satpsi":0.5734601200666667,
        "slop":0.024229701911111113,
        "smcmax":0.5111249818888889,
        "wltsmc":0.07623368386666667,
        "bb":8.822222222222223,
        "D":2.0,
        "mult":1000.0
    },
    "refkdt":3.1380975464666663,
    "max_gw_storage":0.017328281955377778,
    "Cgw":1.8e-05,
    "expon":7.0,
    "gw_storage":0.05,
    "soil_storage":0.05,
    "K_lf":0.01,
    "K_nash":0.03,
    "nash_storage":[
        0.0,
        0.0
    ],
    "giuh_ordinates":[
        0.31,
        0.22,
        0.16,
        0.12,
        0.07,
        0.04,
        0.03,
        0.02,
        0.01,
        0.01,
        0.01,
        0.0,
        0.0
    ],
    "stand_alone":1,
    "unit_test":0,
    "compare_results_file":"",
    "partition_scheme":"Schaake",
    "soil_scheme":"ode"
}