{
    "forcing_file":"../data/camels/gauch_etal_2020/nldas_hourly/02069700_hourly_nldas.csv",
    "catchment_area_km2":221.13,
    "alpha_fc":0.33,
    "soil_params":{
        "depth":2.0,
        "satdk":7.525062500000001e-06,
        "satpsi":0.2205338411875,
        "slop":0.161316788875,
        "smcmax":0.43082156196875,
        "wltsmc":0.05446309471875,
        "bb":8.125,
        "D":2.0,
        "mult":1000.0
    },
    "refkdt":3.56657931778125,
    "max_gw_storage":0.249217881692375,
    "Cgw":1.8e-05,
    "expon":1.0,
    "gw_storage":0.05,
    "soil_storage":0.05,
    "K_lf":0.01,
    "K_nash":0.03,
    "nash_storage":[
        0.0,
        0.0
    ],
    "giuh_ordinates":[
        0.43,
        0.31,
        0.15,
        0.07,
        0.03,
        0.01,
        0.0
    ],
    "stand_alone":1,
    "unit_test":0,
    "compare_results_file":"",
    "partition_scheme":"Schaake",
    "soil_scheme":"ode"
}