{
    "forcing_file":"../data/camels/gauch_etal_2020/nldas_hourly/01545600_hourly_nldas.csv",
    "catchment_area_km2":120.0,
    "alpha_fc":0.33,
    "soil_params":{
        "depth":2.0,
        "satdk":8.669642857142857e-06,
        "satpsi":0.39286208278571444,
        "slop":0.020893946,
        "smcmax":0.4242595195714286,
        "wltsmc":0.06854930221428575,
        "bb":4.0,
        "D":2.0,
        "mult":1000.0
    },
    "refkdt":3.916010152214286,
    "max_gw_storage":0.05362500000000001,
    "Cgw":1.8e-05,
    "expon":3.0,
    "gw_storage":0.05,
    "soil_storage":0.05,
    "K_lf":0.01,
    "K_nash":0.03,
    "nash_storage":[
        0.0,
        0.0
    ],
    "giuh_ordinates":[
        0.13,
        0.12,
        0.13,
        0.11,
        0.08,
        0.1,
        0.05,
        0.04,
        0.04,
        0.04,
        0.05,
        0.06,
        0.03,
        0.01,
        0.01,
        0.0
    ],
    "stand_alone":1,
    "unit_test":0,
    "compare_results_file":"",
    "partition_scheme":"Schaake",
    "soil_scheme":"ode"
}