{
    "forcing_file":"../data/camels/gauch_etal_2020/nldas_hourly/02038850_hourly_nldas.csv",
    "catchment_area_km2":22.0,
    "alpha_fc":0.33,
    "soil_params":{
        "depth":2.0,
        "satdk":4.377333333333334e-06,
        "satpsi":0.335046302,
        "slop":0.010958035999999999,
        "smcmax":0.4190365486666667,
        "wltsmc":0.06461810566666666,
        "bb":7.0,
        "D":2.0,
        "mult":1000.0
    },
    "refkdt":3.889296029666667,
    "max_gw_storage":0.248201324463,
    "Cgw":1.8e-05,
    "expon":7.0,
    "gw_storage":0.05,
    "soil_storage":0.05,
    "K_lf":0.01,
    "K_nash":0.03,
    "nash_storage":[
        0.0,
        0.0
    ],
    "giuh_ordinates":[
        0.51,
        0.33,
        0.16
    ],
    "stand_alone":1,
    "unit_test":0,
    "compare_results_file":"",
    "partition_scheme":"Schaake",
    "soil_scheme":"ode"
}