{
    "forcing_file":"../data/camels/gauch_etal_2020/nldas_hourly/02481510_hourly_nldas.csv",
    "catchment_area_km2":800.66,
    "alpha_fc":0.33,
    "soil_params":{
        "depth":2.0,
        "satdk":8.024712643678162e-06,
        "satpsi":0.14100000300000004,
        "slop":0.028449584229885062,
        "smcmax":0.5192032235517241,
        "wltsmc":0.046999998,
        "bb":4.0,
        "D":2.0,
        "mult":1000.0
    },
    "refkdt":0.505446398505747,
    "max_gw_storage":0.249582519531,
    "Cgw":1.8e-05,
    "expon":1.0,
    "gw_storage":0.05,
    "soil_storage":0.05,
    "K_lf":0.01,
    "K_nash":0.03,
    "nash_storage":[
        0.0,
        0.0
    ],
    "giuh_ordinates":[
        0.45,
        0.27,
        0.15,
        0.08,
        0.04,
        0.01,
        0.0,
        0.0,
        0.0,
        0.0
    ],
    "stand_alone":1,
    "unit_test":0,
    "compare_results_file":"",
    "partition_scheme":"Schaake",
    "soil_scheme":"ode"
}