{
    "forcing_file":"../data/camels/gauch_etal_2020/nldas_hourly/04122200_hourly_nldas.csv",
    "catchment_area_km2":1048.28,
    "alpha_fc":0.33,
    "soil_params":{
        "depth":2.0,
        "satdk":4.8726287356321844e-05,
        "satpsi":0.10119789720689654,
        "slop":0.06408424886206893,
        "smcmax":0.4376865423218392,
        "wltsmc":0.029091362908045974,
        "bb":6.218390804597701,
        "D":2.0,
        "mult":1000.0
    },
    "refkdt":3.6538229151149406,
    "max_gw_storage":0.2497626800540001,
    "Cgw":1.8e-05,
    "expon":1.0,
    "gw_storage":0.05,
    "soil_storage":0.05,
    "K_lf":0.01,
    "K_nash":0.03,
    "nash_storage":[
        0.0,
        0.0
    ],
    "giuh_ordinates":[
        0.25,
        0.19,
        0.15,
        0.11,
        0.09,
        0.06,
        0.05,
        0.04,
        0.03,
        0.02,
        0.01,
        0.0,
        0.0,
        0.0,
        0.0,
        0.0
    ],
    "stand_alone":1,
    "unit_test":0,
    "compare_results_file":"",
    "partition_scheme":"Schaake",
    "soil_scheme":"ode"
}