{
    "forcing_file":"../data/camels/gauch_etal_2020/nldas_hourly/02027500_hourly_nldas.csv",
    "catchment_area_km2":123.34,
    "alpha_fc":0.33,
    "soil_params":{
        "depth":2.0,
        "satdk":2.3316733333333337e-05,
        "satpsi":0.6282581550666667,
        "slop":0.7347667168666665,
        "smcmax":0.4266436126000001,
        "wltsmc":0.08228649706666667,
        "bb":9.0,
        "D":2.0,
        "mult":1000.0
    },
    "refkdt":3.8145452568,
    "max_gw_storage":0.078324478149,
    "Cgw":1.8e-05,
    "expon":1.0,
    "gw_storage":0.05,
    "soil_storage":0.05,
    "K_lf":0.01,
    "K_nash":0.03,
    "nash_storage":[
        0.0,
        0.0
    ],
    "giuh_ordinates":[
        0.24,
        0.23,
        0.18,
        0.13,
        0.09,
        0.06,
        0.04,
        0.02,
        0.01,
        0.0,
        0.0,
        0.0
    ],
    "stand_alone":1,
    "unit_test":0,
    "compare_results_file":"",
    "partition_scheme":"Schaake",
    "soil_scheme":"ode"
}