{
    "forcing_file":"../data/camels/gauch_etal_2020/nldas_hourly/01423000_hourly_nldas.csv",
    "catchment_area_km2":859.68,
    "alpha_fc":0.33,
    "soil_params":{
        "depth":2.0,
        "satdk":4.536211267605633e-06,
        "satpsi":0.7568162030563377,
        "slop":0.10977250442253524,
        "smcmax":0.4558081190140844,
        "wltsmc":0.08395035838028173,
        "bb":5.985915492957746,
        "D":2.0,
        "mult":1000.0
    },
    "refkdt":2.299605716084506,
    "max_gw_storage":0.038016308640253516,
    "Cgw":1.8e-05,
    "expon":4.577464788732394,
    "gw_storage":0.05,
    "soil_storage":0.05,
    "K_lf":0.01,
    "K_nash":0.03,
    "nash_storage":[
        0.0,
        0.0
    ],
    "giuh_ordinates":[
        0.27,
        0.25,
        0.22,
        0.15,
        0.07,
        0.03,
        0.01,
        0.0
    ],
    "stand_alone":1,
    "unit_test":0,
    "compare_results_file":"",
    "partition_scheme":"Schaake",
    "soil_scheme":"ode"
}