{
    "forcing_file":"../data/camels/gauch_etal_2020/nldas_hourly/01580000_hourly_nldas.csv",
    "catchment_area_km2":244.37,
    "alpha_fc":0.33,
    "soil_params":{
        "depth":2.0,
        "satdk":2.629388888888889e-06,
        "satpsi":0.5874437239722223,
        "slop":0.08875029980555556,
        "smcmax":0.5162499901666666,
        "wltsmc":0.07721538124999999,
        "bb":4.0,
        "D":2.0,
        "mult":1000.0
    },
    "refkdt":3.0583705616944448,
    "max_gw_storage":0.23984577941899998,
    "Cgw":1.8e-05,
    "expon":1.0,
    "gw_storage":0.05,
    "soil_storage":0.05,
    "K_lf":0.01,
    "K_nash":0.03,
    "nash_storage":[
        0.0,
        0.0
    ],
    "giuh_ordinates":[
        0.48,
        0.31,
        0.13,
        0.06,
        0.02
    ],
    "stand_alone":1,
    "unit_test":0,
    "compare_results_file":"",
    "partition_scheme":"Schaake",
    "soil_scheme":"ode"
}