{
    "forcing_file":"../data/camels/gauch_etal_2020/nldas_hourly/03021350_hourly_nldas.csv",
    "catchment_area_km2":239.67,
    "alpha_fc":0.33,
    "soil_params":{
        "depth":2.0,
        "satdk":7.701785714285714e-06,
        "satpsi":0.7356780801428572,
        "slop":0.009857436249999999,
        "smcmax":0.5118909808571428,
        "wltsmc":0.08322565475,
        "bb":5.0,
        "D":2.0,
        "mult":1000.0
    },
    "refkdt":0.5563175119642858,
    "max_gw_storage":0.042840194702000005,
    "Cgw":1.8e-05,
    "expon":1.0,
    "gw_storage":0.05,
    "soil_storage":0.05,
    "K_lf":0.01,
    "K_nash":0.03,
    "nash_storage":[
        0.0,
        0.0
    ],
    "giuh_ordinates":[
        0.39,
        0.3,
        0.18,
        0.08,
        0.04,
        0.01,
        0.0
    ],
    "stand_alone":1,
    "unit_test":0,
    "compare_results_file":"",
    "partition_scheme":"Schaake",
    "soil_scheme":"ode"
}