{
    "forcing_file":"../data/camels/gauch_etal_2020/nldas_hourly/01549500_hourly_nldas.csv",
    "catchment_area_km2":97.49,
    "alpha_fc":0.33,
    "soil_params":{
        "depth":2.0,
        "satdk":4.5699090909090915e-06,
        "satpsi":0.7399824685454545,
        "slop":0.040144546545454546,
        "smcmax":0.4527668225454546,
        "wltsmc":0.08325374854545455,
        "bb":5.0,
        "D":2.0,
        "mult":1000.0
    },
    "refkdt":3.7481539228181817,
    "max_gw_storage":0.08344454193100002,
    "Cgw":1.8e-05,
    "expon":7.0,
    "gw_storage":0.05,
    "soil_storage":0.05,
    "K_lf":0.01,
    "K_nash":0.03,
    "nash_storage":[
        0.0,
        0.0
    ],
    "giuh_ordinates":[
        0.27,
        0.25,
        0.19,
        0.13,
        0.11,
        0.05
    ],
    "stand_alone":1,
    "unit_test":0,
    "compare_results_file":"",
    "partition_scheme":"Schaake",
    "soil_scheme":"ode"
}