{
    "forcing_file":"../data/camels/gauch_etal_2020/nldas_hourly/03346000_hourly_nldas.csv",
    "catchment_area_km2":814.69,
    "alpha_fc":0.33,
    "soil_params":{
        "depth":2.0,
        "satdk":1.7109464285714284e-05,
        "satpsi":0.7590000029999999,
        "slop":0.00518621769642857,
        "smcmax":0.4907188900000001,
        "wltsmc":0.083999999,
        "bb":10.0,
        "D":2.0,
        "mult":1000.0
    },
    "refkdt":0.6168063631249999,
    "max_gw_storage":0.072883049011,
    "Cgw":1.8e-05,
    "expon":7.0,
    "gw_storage":0.05,
    "soil_storage":0.05,
    "K_lf":0.01,
    "K_nash":0.03,
    "nash_storage":[
        0.0,
        0.0
    ],
    "giuh_ordinates":[
        0.31,
        0.23,
        0.17,
        0.12,
        0.08,
        0.04,
        0.03,
        0.01,
        0.01,
        0.0,
        0.0,
        0.0
    ],
    "stand_alone":1,
    "unit_test":0,
    "compare_results_file":"",
    "partition_scheme":"Schaake",
    "soil_scheme":"ode"
}