{
    "forcing_file":"../data/camels/gauch_etal_2020/nldas_hourly/01333000_hourly_nldas.csv",
    "catchment_area_km2":112.16,
    "alpha_fc":0.33,
    "soil_params":{
        "depth":2.0,
        "satdk":3.59775e-06,
        "satpsi":0.50280759775,
        "slop":0.18043433525000002,
        "smcmax":0.44406555837499995,
        "wltsmc":0.073694791875,
        "bb":7.0,
        "D":2.0,
        "mult":1000.0
    },
    "refkdt":3.8010073855,
    "max_gw_storage":0.207474563599,
    "Cgw":1.8e-05,
    "expon":5.0,
    "gw_storage":0.05,
    "soil_storage":0.05,
    "K_lf":0.01,
    "K_nash":0.03,
    "nash_storage":[
        0.0,
        0.0
    ],
    "giuh_ordinates":[
        0.25,
        0.22,
        0.15,
        0.11,
        0.08,
        0.07,
        0.05,
        0.04,
        0.02,
        0.01,
        0.0,
        0.0
    ],
    "stand_alone":1,
    "unit_test":0,
    "compare_results_file":"",
    "partition_scheme":"Schaake",
    "soil_scheme":"ode"
}