{
    "forcing_file":"../data/camels/gauch_etal_2020/nldas_hourly/01632000_hourly_nldas.csv",
    "catchment_area_km2":543.36,
    "alpha_fc":0.33,
    "soil_params":{
        "depth":2.0,
        "satdk":1.3154729166666665e-05,
        "satpsi":0.5145781493958334,
        "slop":0.01646063170833333,
        "smcmax":0.4504908996666666,
        "wltsmc":0.07360603389583333,
        "bb":7.75,
        "D":2.0,
        "mult":1000.0
    },
    "refkdt":1.2201725231875,
    "max_gw_storage":0.11544438934299998,
    "Cgw":1.8e-05,
    "expon":2.0,
    "gw_storage":0.05,
    "soil_storage":0.05,
    "K_lf":0.01,
    "K_nash":0.03,
    "nash_storage":[
        0.0,
        0.0
    ],
    "giuh_ordinates":[
        0.24,
        0.24,
        0.2,
        0.14,
        0.09,
        0.05,
        0.03,
        0.01,
        0.0
    ],
    "stand_alone":1,
    "unit_test":0,
    "compare_results_file":"",
    "partition_scheme":"Schaake",
    "soil_scheme":"ode"
}