{
    "forcing_file":"../data/camels/gauch_etal_2020/nldas_hourly/01557500_hourly_nldas.csv",
    "catchment_area_km2":115.3,
    "alpha_fc":0.33,
    "soil_params":{
        "depth":2.0,
        "satdk":7.329642857142856e-06,
        "satpsi":0.5769390487142857,
        "slop":0.030640245428571435,
        "smcmax":0.4688223493571428,
        "wltsmc":0.07727276964285715,
        "bb":5.0,
        "D":2.0,
        "mult":1000.0
    },
    "refkdt":3.473222817142857,
    "max_gw_storage":0.12839305114699998,
    "Cgw":1.8e-05,
    "expon":4.0,
    "gw_storage":0.05,
    "soil_storage":0.05,
    "K_lf":0.01,
    "K_nash":0.03,
    "nash_storage":[
        0.0,
        0.0
    ],
    "giuh_ordinates":[
        0.26,
        0.26,
        0.18,
        0.11,
        0.05,
        0.03,
        0.03,
        0.03,
        0.02,
        0.02,
        0.01
    ],
    "stand_alone":1,
    "unit_test":0,
    "compare_results_file":"",
    "partition_scheme":"Schaake",
    "soil_scheme":"ode"
}