{
    "forcing_file":"../data/camels/gauch_etal_2020/nldas_hourly/01440400_hourly_nldas.csv",
    "catchment_area_km2":175.21,
    "alpha_fc":0.33,
    "soil_params":{
        "depth":2.0,
        "satdk":4.341428571428572e-06,
        "satpsi":0.5492815066666666,
        "slop":0.025879553857142853,
        "smcmax":0.423315977,
        "wltsmc":0.07528699357142858,
        "bb":3.0,
        "D":2.0,
        "mult":1000.0
    },
    "refkdt":3.947744594809523,
    "max_gw_storage":0.10197521209699997,
    "Cgw":1.8e-05,
    "expon":4.0,
    "gw_storage":0.05,
    "soil_storage":0.05,
    "K_lf":0.01,
    "K_nash":0.03,
    "nash_storage":[
        0.0,
        0.0
    ],
    "giuh_ordinates":[
        0.4,
        0.31,
        0.18,
        0.08,
        0.02,
        0.01,
        0.0,
        0.0,
        0.0
    ],
    "stand_alone":1,
    "unit_test":0,
    "compare_results_file":"",
    "partition_scheme":"Schaake",
    "soil_scheme":"ode"
}