{
    "forcing_file":"../data/camels/gauch_etal_2020/nldas_hourly/01073000_hourly_nldas.csv",
    "catchment_area_km2":31.3,
    "alpha_fc":0.33,
    "soil_params":{
        "depth":2.0,
        "satdk":4.713199999999999e-06,
        "satpsi":0.13526103280000001,
        "slop":0.042797035399999996,
        "smcmax":0.44260533439999994,
        "wltsmc":0.0461760838,
        "bb":5.2,
        "D":2.0,
        "mult":1000.0
    },
    "refkdt":0.9389570258000001,
    "max_gw_storage":0.012863189697,
    "Cgw":1.8e-05,
    "expon":7.0,
    "gw_storage":0.05,
    "soil_storage":0.05,
    "K_lf":0.01,
    "K_nash":0.03,
    "nash_storage":[
        0.0,
        0.0
    ],
    "giuh_ordinates":[
        0.47,
        0.3,
        0.16,
        0.05,
        0.02
    ],
    "stand_alone":1,
    "unit_test":0,
    "compare_results_file":"",
    "partition_scheme":"Schaake",
    "soil_scheme":"ode"
}