{
    "forcing_file":"../data/camels/gauch_etal_2020/nldas_hourly/03180500_hourly_nldas.csv",
    "catchment_area_km2":345.06,
    "alpha_fc":0.33,
    "soil_params":{
        "depth":2.0,
        "satdk":6.760089285714287e-06,
        "satpsi":0.7407373778571429,
        "slop":0.05756914894642858,
        "smcmax":0.5334991141964285,
        "wltsmc":0.08350965241071429,
        "bb":5.0,
        "D":2.0,
        "mult":1000.0
    },
    "refkdt":3.8828784613035716,
    "max_gw_storage":0.014072833061000002,
    "Cgw":1.8e-05,
    "expon":7.0,
    "gw_storage":0.05,
    "soil_storage":0.05,
    "K_lf":0.01,
    "K_nash":0.03,
    "nash_storage":[
        0.0,
        0.0
    ],
    "giuh_ordinates":[
        0.32,
        0.31,
        0.22,
        0.1,
        0.04,
        0.01,
        0.0,
        0.0
    ],
    "stand_alone":1,
    "unit_test":0,
    "compare_results_file":"",
    "partition_scheme":"Schaake",
    "soil_scheme":"ode"
}