{
    "forcing_file":"../data/camels/gauch_etal_2020/nldas_hourly/04122500_hourly_nldas.csv",
    "catchment_area_km2":1769.19,
    "alpha_fc":0.33,
    "soil_params":{
        "depth":2.0,
        "satdk":4.357937209302326e-05,
        "satpsi":0.09730739470542636,
        "slop":0.027395218356589153,
        "smcmax":0.45711655417054264,
        "wltsmc":0.026241620054263566,
        "bb":4.984496124031008,
        "D":2.0,
        "mult":1000.0
    },
    "refkdt":3.685842837844961,
    "max_gw_storage":0.24785876203096902,
    "Cgw":1.8000000000000004e-05,
    "expon":1.0,
    "gw_storage":0.05,
    "soil_storage":0.05,
    "K_lf":0.01,
    "K_nash":0.03,
    "nash_storage":[
        0.0,
        0.0
    ],
    "giuh_ordinates":[
        0.24,
        0.19,
        0.16,
        0.12,
        0.09,
        0.07,
        0.05,
        0.03,
        0.02,
        0.01,
        0.01,
        0.01,
        0.0,
        0.0,
        0.0,
        0.0,
        0.0,
        0.0,
        0.0,
        0.0
    ],
    "stand_alone":1,
    "unit_test":0,
    "compare_results_file":"",
    "partition_scheme":"Schaake",
    "soil_scheme":"ode"
}