{
    "forcing_file":"../data/camels/gauch_etal_2020/nldas_hourly/04063700_hourly_nldas.csv",
    "catchment_area_km2":362.57,
    "alpha_fc":0.33,
    "soil_params":{
        "depth":2.0,
        "satdk":4.0793939393939385e-06,
        "satpsi":0.2676625378484848,
        "slop":0.7769866244242424,
        "smcmax":0.44643771687878786,
        "wltsmc":0.055860524212121204,
        "bb":4.0,
        "D":2.0,
        "mult":1000.0
    },
    "refkdt":1.0462855442727272,
    "max_gw_storage":0.015500426292000002,
    "Cgw":1.8e-05,
    "expon":7.0,
    "gw_storage":0.05,
    "soil_storage":0.05,
    "K_lf":0.01,
    "K_nash":0.03,
    "nash_storage":[
        0.0,
        0.0
    ],
    "giuh_ordinates":[
        0.35,
        0.25,
        0.17,
        0.1,
        0.07,
        0.03,
        0.02,
        0.01,
        0.0,
        0.0
    ],
    "stand_alone":1,
    "unit_test":0,
    "compare_results_file":"",
    "partition_scheme":"Schaake",
    "soil_scheme":"ode"
}