{
    "forcing_file":"../data/camels/gauch_etal_2020/nldas_hourly/02016000_hourly_nldas.csv",
    "catchment_area_km2":1194.55,
    "alpha_fc":0.33,
    "soil_params":{
        "depth":2.0,
        "satdk":1.4518035714285716e-05,
        "satpsi":0.3391404841071428,
        "slop":0.288739301202381,
        "smcmax":0.4299793835595239,
        "wltsmc":0.06318844902380952,
        "bb":5.607142857142857,
        "D":2.0,
        "mult":1000.0
    },
    "refkdt":1.976764202511905,
    "max_gw_storage":0.15316245233347617,
    "Cgw":1.8e-05,
    "expon":2.2142857142857144,
    "gw_storage":0.05,
    "soil_storage":0.05,
    "K_lf":0.01,
    "K_nash":0.03,
    "nash_storage":[
        0.0,
        0.0
    ],
    "giuh_ordinates":[
        0.24,
        0.25,
        0.2,
        0.13,
        0.08,
        0.05,
        0.03,
        0.01,
        0.01,
        0.0,
        0.0
    ],
    "stand_alone":1,
    "unit_test":0,
    "compare_results_file":"",
    "partition_scheme":"Schaake",
    "soil_scheme":"ode"
}