{
    "forcing_file":"../data/camels/gauch_etal_2020/nldas_hourly/02350900_hourly_nldas.csv",
    "catchment_area_km2":1365.12,
    "alpha_fc":0.33,
    "soil_params":{
        "depth":2.0,
        "satdk":2.1345528735632184e-05,
        "satpsi":0.04255719079885058,
        "slop":0.1318109561666667,
        "smcmax":0.4962642085344828,
        "wltsmc":0.031611115764367814,
        "bb":5.597701149425287,
        "D":2.0,
        "mult":1000.0
    },
    "refkdt":3.791087427126437,
    "max_gw_storage":0.21024103608361497,
    "Cgw":1.8e-05,
    "expon":1.0,
    "gw_storage":0.05,
    "soil_storage":0.05,
    "K_lf":0.01,
    "K_nash":0.03,
    "nash_storage":[
        0.0,
        0.0
    ],
    "giuh_ordinates":[
        0.46,
        0.31,
        0.15,
        0.05,
        0.02,
        0.01,
        0.0,
        0.0,
        0.0
    ],
    "stand_alone":1,
    "unit_test":0,
    "compare_results_file":"",
    "partition_scheme":"Schaake",
    "soil_scheme":"ode"
}