{
    "forcing_file":"../data/camels/gauch_etal_2020/nldas_hourly/01548500_hourly_nldas.csv",
    "catchment_area_km2":1557.05,
    "alpha_fc":0.33,
    "soil_params":{
        "depth":2.0,
        "satdk":2.3641515151515153e-06,
        "satpsi":0.5632315815858586,
        "slop":0.15601508861111113,
        "smcmax":0.4852450849848484,
        "wltsmc":0.07592832204545456,
        "bb":4.0,
        "D":2.0,
        "mult":1000.0
    },
    "refkdt":0.6381785942272727,
    "max_gw_storage":0.062604438782,
    "Cgw":1.8e-05,
    "expon":3.0,
    "gw_storage":0.05,
    "soil_storage":0.05,
    "K_lf":0.01,
    "K_nash":0.03,
    "nash_storage":[
        0.0,
        0.0
    ],
    "giuh_ordinates":[
        0.28,
        0.27,
        0.22,
        0.13,
        0.06,
        0.03,
        0.01,
        0.0,
        0.0,
        0.0,
        0.0
    ],
    "stand_alone":1,
    "unit_test":0,
    "compare_results_file":"",
    "partition_scheme":"Schaake",
    "soil_scheme":"ode"
}