{
    "forcing_file":"../data/camels/gauch_etal_2020/nldas_hourly/02143000_hourly_nldas.csv",
    "catchment_area_km2":216.67,
    "alpha_fc":0.33,
    "soil_params":{
        "depth":2.0,
        "satdk":1.897617647058824e-06,
        "satpsi":0.19157687200000004,
        "slop":0.10734729729411766,
        "smcmax":0.4636128936764705,
        "wltsmc":0.05205616347058823,
        "bb":3.0,
        "D":2.0,
        "mult":1000.0
    },
    "refkdt":2.217081433529412,
    "max_gw_storage":0.24832362365700006,
    "Cgw":1.8e-05,
    "expon":2.0,
    "gw_storage":0.05,
    "soil_storage":0.05,
    "K_lf":0.01,
    "K_nash":0.03,
    "nash_storage":[
        0.0,
        0.0
    ],
    "giuh_ordinates":[
        0.43,
        0.34,
        0.15,
        0.06,
        0.02,
        0.0
    ],
    "stand_alone":1,
    "unit_test":0,
    "compare_results_file":"",
    "partition_scheme":"Schaake",
    "soil_scheme":"ode"
}