{
    "forcing_file":"../data/camels/gauch_etal_2020/nldas_hourly/01415000_hourly_nldas.csv",
    "catchment_area_km2":85.63,
    "alpha_fc":0.33,
    "soil_params":{
        "depth":2.0,
        "satdk":5.455666666666667e-06,
        "satpsi":0.7299960991666667,
        "slop":0.13737879,
        "smcmax":0.4593945645,
        "wltsmc":0.08353570249999999,
        "bb":7.0,
        "D":2.0,
        "mult":1000.0
    },
    "refkdt":2.8587690595,
    "max_gw_storage":0.04389517211900001,
    "Cgw":1.8e-05,
    "expon":3.0,
    "gw_storage":0.05,
    "soil_storage":0.05,
    "K_lf":0.01,
    "K_nash":0.03,
    "nash_storage":[
        0.0,
        0.0
    ],
    "giuh_ordinates":[
        0.26,
        0.23,
        0.21,
        0.15,
        0.08,
        0.05,
        0.02,
        0.0,
        0.0
    ],
    "stand_alone":1,
    "unit_test":0,
    "compare_results_file":"",
    "partition_scheme":"Schaake",
    "soil_scheme":"ode"
}