{
    "forcing_file":"../data/camels/gauch_etal_2020/nldas_hourly/01142500_hourly_nldas.csv",
    "catchment_area_km2":82.17,
    "alpha_fc":0.33,
    "soil_params":{
        "depth":2.0,
        "satdk":5.070333333333334e-06,
        "satpsi":0.3104224842222222,
        "slop":0.02734740488888889,
        "smcmax":0.4161723718888889,
        "wltsmc":0.06336523677777778,
        "bb":5.888888888888889,
        "D":2.0,
        "mult":1000.0
    },
    "refkdt":2.4383919616666665,
    "max_gw_storage":0.17995066833499998,
    "Cgw":1.8e-05,
    "expon":4.0,
    "gw_storage":0.05,
    "soil_storage":0.05,
    "K_lf":0.01,
    "K_nash":0.03,
    "nash_storage":[
        0.0,
        0.0
    ],
    "giuh_ordinates":[
        0.29,
        0.25,
        0.2,
        0.14,
        0.08,
        0.03,
        0.01,
        0.0
    ],
    "stand_alone":1,
    "unit_test":0,
    "compare_results_file":"",
    "partition_scheme":"Schaake",
    "soil_scheme":"ode"
}