{
    "forcing_file":"../data/camels/gauch_etal_2020/nldas_hourly/03144000_hourly_nldas.csv",
    "catchment_area_km2":363.41,
    "alpha_fc":0.33,
    "soil_params":{
        "depth":2.0,
        "satdk":3.84518e-06,
        "satpsi":0.7590000029999999,
        "slop":0.08156295772000002,
        "smcmax":0.49480539751999997,
        "wltsmc":0.08399999900000003,
        "bb":6.0,
        "D":2.0,
        "mult":1000.0
    },
    "refkdt":0.80983122008,
    "max_gw_storage":0.045277080536000006,
    "Cgw":1.8e-05,
    "expon":4.0,
    "gw_storage":0.05,
    "soil_storage":0.05,
    "K_lf":0.01,
    "K_nash":0.03,
    "nash_storage":[
        0.0,
        0.0
    ],
    "giuh_ordinates":[
        0.39,
        0.31,
        0.19,
        0.08,
        0.03,
        0.0
    ],
    "stand_alone":1,
    "unit_test":0,
    "compare_results_file":"",
    "partition_scheme":"Schaake",
    "soil_scheme":"ode"
}