{
    "forcing_file":"../data/camels/gauch_etal_2020/nldas_hourly/01181000_hourly_nldas.csv",
    "catchment_area_km2":243.5,
    "alpha_fc":0.33,
    "soil_params":{
        "depth":2.0,
        "satdk":4.348733333333333e-06,
        "satpsi":0.3331040288,
        "slop":0.09638527436666665,
        "smcmax":0.44658196836666664,
        "wltsmc":0.06460029280000001,
        "bb":4.0,
        "D":2.0,
        "mult":1000.0
    },
    "refkdt":1.4064893736666664,
    "max_gw_storage":0.0423074598705,
    "Cgw":1.8e-05,
    "expon":1.0,
    "gw_storage":0.05,
    "soil_storage":0.05,
    "K_lf":0.01,
    "K_nash":0.03,
    "nash_storage":[
        0.0,
        0.0
    ],
    "giuh_ordinates":[
        0.34,
        0.28,
        0.2,
        0.12,
        0.05,
        0.01,
        0.0
    ],
    "stand_alone":1,
    "unit_test":0,
    "compare_results_file":"",
    "partition_scheme":"Schaake",
    "soil_scheme":"ode"
}