{
    "forcing_file":"../data/camels/gauch_etal_2020/nldas_hourly/02111180_hourly_nldas.csv",
    "catchment_area_km2":131.47,
    "alpha_fc":0.33,
    "soil_params":{
        "depth":2.0,
        "satdk":4.9019444444444444e-06,
        "satpsi":0.1566651021111111,
        "slop":0.13496095472222222,
        "smcmax":0.4665185491666667,
        "wltsmc":0.04835732516666666,
        "bb":3.0,
        "D":2.0,
        "mult":1000.0
    },
    "refkdt":0.9128793876666665,
    "max_gw_storage":0.19578255332016667,
    "Cgw":1.8e-05,
    "expon":1.0,
    "gw_storage":0.05,
    "soil_storage":0.05,
    "K_lf":0.01,
    "K_nash":0.03,
    "nash_storage":[
        0.0,
        0.0
    ],
    "giuh_ordinates":[
        0.18,
        0.19,
        0.16,
        0.12,
        0.1,
        0.08,
        0.06,
        0.04,
        0.02,
        0.02,
        0.02,
        0.01,
        0.0
    ],
    "stand_alone":1,
    "unit_test":0,
    "compare_results_file":"",
    "partition_scheme":"Schaake",
    "soil_scheme":"ode"
}