{
    "forcing_file":"../data/camels/gauch_etal_2020/nldas_hourly/03237280_hourly_nldas.csv",
    "catchment_area_km2":32.95,
    "alpha_fc":0.33,
    "soil_params":{
        "depth":2.0,
        "satdk":1.6370249999999998e-05,
        "satpsi":0.759000003,
        "slop":0.017411163,
        "smcmax":0.47194440024999995,
        "wltsmc":0.083999999,
        "bb":8.0,
        "D":2.0,
        "mult":1000.0
    },
    "refkdt":3.6474786194999997,
    "max_gw_storage":0.02250176239,
    "Cgw":1.8e-05,
    "expon":7.0,
    "gw_storage":0.05,
    "soil_storage":0.05,
    "K_lf":0.01,
    "K_nash":0.03,
    "nash_storage":[
        0.0,
        0.0
    ],
    "giuh_ordinates":[
        0.31,
        0.4,
        0.23,
        0.06
    ],
    "stand_alone":1,
    "unit_test":0,
    "compare_results_file":"",
    "partition_scheme":"Schaake",
    "soil_scheme":"ode"
}