{
    "forcing_file":"../data/camels/gauch_etal_2020/nldas_hourly/02108000_hourly_nldas.csv",
    "catchment_area_km2":1569.48,
    "alpha_fc":0.33,
    "soil_params":{
        "depth":2.0,
        "satdk":1.28959488372093e-05,
        "satpsi":0.0662031693860465,
        "slop":0.013278359525581396,
        "smcmax":0.46032193756744183,
        "wltsmc":0.023237335009302328,
        "bb":5.651162790697675,
        "D":2.0,
        "mult":1000.0
    },
    "refkdt":3.973822108339535,
    "max_gw_storage":0.011877697944999994,
    "Cgw":1.8e-05,
    "expon":7.0,
    "gw_storage":0.05,
    "soil_storage":0.05,
    "K_lf":0.01,
    "K_nash":0.03,
    "nash_storage":[
        0.0,
        0.0
    ],
    "giuh_ordinates":[
        0.4,
        0.29,
        0.17,
        0.09,
        0.04,
        0.01,
        0.0,
        0.0,
        0.0
    ],
    "stand_alone":1,
    "unit_test":0,
    "compare_results_file":"",
    "partition_scheme":"Schaake",
    "soil_scheme":"ode"
}