{
    "forcing_file":"../data/camels/gauch_etal_2020/nldas_hourly/03182500_hourly_nldas.csv",
    "catchment_area_km2":1364.97,
    "alpha_fc":0.33,
    "soil_params":{
        "depth":2.0,
        "satdk":5.574918367346939e-06,
        "satpsi":0.6768582526938776,
        "slop":0.056540004408163265,
        "smcmax":0.513740351292517,
        "wltsmc":0.0810833941904762,
        "bb":4.530612244897959,
        "D":2.0,
        "mult":1000.0
    },
    "refkdt":2.6153147105442174,
    "max_gw_storage":0.1052548447486939,
    "Cgw":1.8e-05,
    "expon":4.523809523809524,
    "gw_storage":0.05,
    "soil_storage":0.05,
    "K_lf":0.01,
    "K_nash":0.03,
    "nash_storage":[
        0.0,
        0.0
    ],
    "giuh_ordinates":[
        0.25,
        0.27,
        0.22,
        0.14,
        0.07,
        0.03,
        0.01,
        0.01,
        0.0,
        0.0,
        0.0,
        0.0
    ],
    "stand_alone":1,
    "unit_test":0,
    "compare_results_file":"",
    "partition_scheme":"Schaake",
    "soil_scheme":"ode"
}