{
    "forcing_file":"../data/camels/gauch_etal_2020/nldas_hourly/02064000_hourly_nldas.csv",
    "catchment_area_km2":427.77,
    "alpha_fc":0.33,
    "soil_params":{
        "depth":2.0,
        "satdk":7.197581818181818e-06,
        "satpsi":0.27273709165454546,
        "slop":0.047402635636363634,
        "smcmax":0.4348222053454546,
        "wltsmc":0.059221550290909065,
        "bb":6.0,
        "D":2.0,
        "mult":1000.0
    },
    "refkdt":0.7144739822545455,
    "max_gw_storage":0.07916539300396364,
    "Cgw":1.8e-05,
    "expon":1.0,
    "gw_storage":0.05,
    "soil_storage":0.05,
    "K_lf":0.01,
    "K_nash":0.03,
    "nash_storage":[
        0.0,
        0.0
    ],
    "giuh_ordinates":[
        0.47,
        0.32,
        0.14,
        0.05,
        0.02,
        0.0
    ],
    "stand_alone":1,
    "unit_test":0,
    "compare_results_file":"",
    "partition_scheme":"Schaake",
    "soil_scheme":"ode"
}