{
    "forcing_file":"../data/camels/gauch_etal_2020/nldas_hourly/02384540_hourly_nldas.csv",
    "catchment_area_km2":21.37,
    "alpha_fc":0.33,
    "soil_params":{
        "depth":2.0,
        "satdk":1.9381333333333334e-05,
        "satpsi":0.32921876733333333,
        "slop":0.052434849,
        "smcmax":0.42071501133333333,
        "wltsmc":0.06420667866666667,
        "bb":9.0,
        "D":2.0,
        "mult":1000.0
    },
    "refkdt":3.580424014,
    "max_gw_storage":0.248387496948,
    "Cgw":1.8e-05,
    "expon":2.0,
    "gw_storage":0.05,
    "soil_storage":0.05,
    "K_lf":0.01,
    "K_nash":0.03,
    "nash_storage":[
        0.0,
        0.0
    ],
    "giuh_ordinates":[
        0.24,
        0.24,
        0.17,
        0.11,
        0.07,
        0.05,
        0.04,
        0.03,
        0.02,
        0.02,
        0.01,
        0.0,
        0.0,
        0.0
    ],
    "stand_alone":1,
    "unit_test":0,
    "compare_results_file":"",
    "partition_scheme":"Schaake",
    "soil_scheme":"ode"
}