{
    "forcing_file":"../data/camels/gauch_etal_2020/nldas_hourly/01543500_hourly_nldas.csv",
    "catchment_area_km2":1778.26,
    "alpha_fc":0.33,
    "soil_params":{
        "depth":2.0,
        "satdk":1.2554743589743592e-05,
        "satpsi":0.48136684787179496,
        "slop":0.13376335067094017,
        "smcmax":0.488122180491453,
        "wltsmc":0.07230336103418804,
        "bb":6.452991452991453,
        "D":2.0,
        "mult":1000.0
    },
    "refkdt":3.8832088283846153,
    "max_gw_storage":0.1034719651902094,
    "Cgw":1.7999999999999997e-05,
    "expon":2.448717948717949,
    "gw_storage":0.05,
    "soil_storage":0.05,
    "K_lf":0.01,
    "K_nash":0.03,
    "nash_storage":[
        0.0,
        0.0
    ],
    "giuh_ordinates":[
        0.31,
        0.28,
        0.22,
        0.12,
        0.05,
        0.02,
        0.0
    ],
    "stand_alone":1,
    "unit_test":0,
    "compare_results_file":"",
    "partition_scheme":"Schaake",
    "soil_scheme":"ode"
}