{
    "forcing_file":"../data/camels/gauch_etal_2020/nldas_hourly/01542810_hourly_nldas.csv",
    "catchment_area_km2":13.62,
    "alpha_fc":0.33,
    "soil_params":{
        "depth":2.0,
        "satdk":8.791499999999999e-06,
        "satpsi":0.5680070349999999,
        "slop":0.051896505999999995,
        "smcmax":0.465866617,
        "wltsmc":0.0785170075,
        "bb":7.0,
        "D":2.0,
        "mult":1000.0
    },
    "refkdt":3.8279371815000003,
    "max_gw_storage":0.104594718933,
    "Cgw":1.8e-05,
    "expon":3.0,
    "gw_storage":0.05,
    "soil_storage":0.05,
    "K_lf":0.01,
    "K_nash":0.03,
    "nash_storage":[
        0.0,
        0.0
    ],
    "giuh_ordinates":[
        0.29,
        0.37,
        0.27,
        0.06,
        0.01
    ],
    "stand_alone":1,
    "unit_test":0,
    "compare_results_file":"",
    "partition_scheme":"Schaake",
    "soil_scheme":"ode"
}