{
    "forcing_file":"../data/camels/gauch_etal_2020/nldas_hourly/04057510_hourly_nldas.csv",
    "catchment_area_km2":473.57,
    "alpha_fc":0.33,
    "soil_params":{
        "depth":2.0,
        "satdk":1.388127027027027e-05,
        "satpsi":0.18839536305405408,
        "slop":0.009280386189189192,
        "smcmax":0.4731072361081081,
        "wltsmc":0.043665743162162166,
        "bb":2.6216216216216215,
        "D":2.0,
        "mult":1000.0
    },
    "refkdt":3.9141196369999998,
    "max_gw_storage":0.037767673492000005,
    "Cgw":1.8e-05,
    "expon":1.0,
    "gw_storage":0.05,
    "soil_storage":0.05,
    "K_lf":0.01,
    "K_nash":0.03,
    "nash_storage":[
        0.0,
        0.0
    ],
    "giuh_ordinates":[
        0.21,
        0.17,
        0.14,
        0.11,
        0.1,
        0.08,
        0.06,
        0.04,
        0.03,
        0.02,
        0.01,
        0.01,
        0.01,
        0.01,
        0.0,
        0.0,
        0.0
    ],
    "stand_alone":1,
    "unit_test":0,
    "compare_results_file":"",
    "partition_scheme":"Schaake",
    "soil_scheme":"ode"
}