{
    "forcing_file":"../data/camels/gauch_etal_2020/nldas_hourly/02143040_hourly_nldas.csv",
    "catchment_area_km2":66.48,
    "alpha_fc":0.33,
    "soil_params":{
        "depth":2.0,
        "satdk":9.614333333333332e-06,
        "satpsi":0.2504599155833333,
        "slop":0.06797802291666667,
        "smcmax":0.4426241860833333,
        "wltsmc":0.05776558058333334,
        "bb":5.583333333333333,
        "D":2.0,
        "mult":1000.0
    },
    "refkdt":3.4018198442499994,
    "max_gw_storage":0.23721310424800005,
    "Cgw":1.8e-05,
    "expon":1.0,
    "gw_storage":0.05,
    "soil_storage":0.05,
    "K_lf":0.01,
    "K_nash":0.03,
    "nash_storage":[
        0.0,
        0.0
    ],
    "giuh_ordinates":[
        0.41,
        0.33,
        0.18,
        0.07,
        0.01
    ],
    "stand_alone":1,
    "unit_test":0,
    "compare_results_file":"",
    "partition_scheme":"Schaake",
    "soil_scheme":"ode"
}