{
    "forcing_file":"../data/camels/gauch_etal_2020/nldas_hourly/01539000_hourly_nldas.csv",
    "catchment_area_km2":701.78,
    "alpha_fc":0.33,
    "soil_params":{
        "depth":2.0,
        "satdk":1.0655127659574466e-05,
        "satpsi":0.7518659897553188,
        "slop":0.056189618734042567,
        "smcmax":0.5127204731170214,
        "wltsmc":0.08379503203191493,
        "bb":5.0,
        "D":2.0,
        "mult":1000.0
    },
    "refkdt":1.217283510861702,
    "max_gw_storage":0.04147693618925532,
    "Cgw":1.8e-05,
    "expon":1.0319148936170213,
    "gw_storage":0.05,
    "soil_storage":0.05,
    "K_lf":0.01,
    "K_nash":0.03,
    "nash_storage":[
        0.0,
        0.0
    ],
    "giuh_ordinates":[
        0.34,
        0.29,
        0.19,
        0.1,
        0.05,
        0.02,
        0.01,
        0.0
    ],
    "stand_alone":1,
    "unit_test":0,
    "compare_results_file":"",
    "partition_scheme":"Schaake",
    "soil_scheme":"ode"
}