{
    "forcing_file":"../data/camels/gauch_etal_2020/nldas_hourly/03366500_hourly_nldas.csv",
    "catchment_area_km2":755.22,
    "alpha_fc":0.33,
    "soil_params":{
        "depth":2.0,
        "satdk":2.0680389610389607e-06,
        "satpsi":0.7588648226623373,
        "slop":0.0221335312077922,
        "smcmax":0.46570564972727274,
        "wltsmc":0.08400627272727275,
        "bb":6.0,
        "D":2.0,
        "mult":1000.0
    },
    "refkdt":0.24376541035064936,
    "max_gw_storage":0.010051009177999998,
    "Cgw":1.8e-05,
    "expon":7.0,
    "gw_storage":0.05,
    "soil_storage":0.05,
    "K_lf":0.01,
    "K_nash":0.03,
    "nash_storage":[
        0.0,
        0.0
    ],
    "giuh_ordinates":[
        0.44,
        0.26,
        0.15,
        0.08,
        0.04,
        0.02,
        0.01,
        0.0,
        0.0,
        0.0
    ],
    "stand_alone":1,
    "unit_test":0,
    "compare_results_file":"",
    "partition_scheme":"Schaake",
    "soil_scheme":"ode"
}