{
    "forcing_file":"../data/camels/gauch_etal_2020/nldas_hourly/02081500_hourly_nldas.csv",
    "catchment_area_km2":428.37,
    "alpha_fc":0.33,
    "soil_params":{
        "depth":2.0,
        "satdk":3.9669038461538464e-06,
        "satpsi":0.45103518057692304,
        "slop":0.0012303289807692305,
        "smcmax":0.4000950938653847,
        "wltsmc":0.06844829025,
        "bb":5.538461538461538,
        "D":2.0,
        "mult":1000.0
    },
    "refkdt":1.0307384011923075,
    "max_gw_storage":0.010451236725000004,
    "Cgw":1.8e-05,
    "expon":7.0,
    "gw_storage":0.05,
    "soil_storage":0.05,
    "K_lf":0.01,
    "K_nash":0.03,
    "nash_storage":[
        0.0,
        0.0
    ],
    "giuh_ordinates":[
        0.53,
        0.31,
        0.11,
        0.04,
        0.01
    ],
    "stand_alone":1,
    "unit_test":0,
    "compare_results_file":"",
    "partition_scheme":"Schaake",
    "soil_scheme":"ode"
}