{
    "forcing_file":"../data/camels/gauch_etal_2020/nldas_hourly/02216180_hourly_nldas.csv",
    "catchment_area_km2":129.11,
    "alpha_fc":0.33,
    "soil_params":{
        "depth":2.0,
        "satdk":4.062611111111111e-05,
        "satpsi":0.035999998,
        "slop":0.0031051173333333337,
        "smcmax":0.4377999916111111,
        "wltsmc":0.028000001000000004,
        "bb":7.0,
        "D":2.0,
        "mult":1000.0
    },
    "refkdt":1.4463520513888888,
    "max_gw_storage":0.01550650692,
    "Cgw":1.8e-05,
    "expon":7.0,
    "gw_storage":0.05,
    "soil_storage":0.05,
    "K_lf":0.01,
    "K_nash":0.03,
    "nash_storage":[
        0.0,
        0.0
    ],
    "giuh_ordinates":[
        0.55,
        0.26,
        0.13,
        0.06
    ],
    "stand_alone":1,
    "unit_test":0,
    "compare_results_file":"",
    "partition_scheme":"Schaake",
    "soil_scheme":"ode"
}