{
    "forcing_file":"../data/camels/gauch_etal_2020/nldas_hourly/01596500_hourly_nldas.csv",
    "catchment_area_km2":124.65,
    "alpha_fc":0.33,
    "soil_params":{
        "depth":2.0,
        "satdk":1.2526625e-05,
        "satpsi":0.409378174125,
        "slop":0.0233329568125,
        "smcmax":0.516035483125,
        "wltsmc":0.0689877300625,
        "bb":4.125,
        "D":2.0,
        "mult":1000.0
    },
    "refkdt":3.9880026438125,
    "max_gw_storage":0.071871620178,
    "Cgw":1.8e-05,
    "expon":4.0,
    "gw_storage":0.05,
    "soil_storage":0.05,
    "K_lf":0.01,
    "K_nash":0.03,
    "nash_storage":[
        0.0,
        0.0
    ],
    "giuh_ordinates":[
        0.3,
        0.33,
        0.22,
        0.1,
        0.03,
        0.01,
        0.01,
        0.0
    ],
    "stand_alone":1,
    "unit_test":0,
    "compare_results_file":"",
    "partition_scheme":"Schaake",
    "soil_scheme":"ode"
}