{
    "forcing_file":"../data/camels/gauch_etal_2020/nldas_hourly/02349900_hourly_nldas.csv",
    "catchment_area_km2":122.87,
    "alpha_fc":0.33,
    "soil_params":{
        "depth":2.0,
        "satdk":2.4559277777777776e-05,
        "satpsi":0.035999998,
        "slop":0.1901386688888889,
        "smcmax":0.4781075160555555,
        "wltsmc":0.028000001000000004,
        "bb":7.0,
        "D":2.0,
        "mult":1000.0
    },
    "refkdt":3.413532346388889,
    "max_gw_storage":0.182110977173,
    "Cgw":1.8e-05,
    "expon":1.0,
    "gw_storage":0.05,
    "soil_storage":0.05,
    "K_lf":0.01,
    "K_nash":0.03,
    "nash_storage":[
        0.0,
        0.0
    ],
    "giuh_ordinates":[
        0.46,
        0.26,
        0.13,
        0.05,
        0.02,
        0.01,
        0.01,
        0.01,
        0.01,
        0.01,
        0.01,
        0.02
    ],
    "stand_alone":1,
    "unit_test":0,
    "compare_results_file":"",
    "partition_scheme":"Schaake",
    "soil_scheme":"ode"
}