{
    "forcing_file":"../data/camels/gauch_etal_2020/nldas_hourly/02430085_hourly_nldas.csv",
    "catchment_area_km2":40.56,
    "alpha_fc":0.33,
    "soil_params":{
        "depth":2.0,
        "satdk":9.568285714285714e-06,
        "satpsi":0.14602309042857145,
        "slop":0.053271090857142864,
        "smcmax":0.47831521071428573,
        "wltsmc":0.047812947714285715,
        "bb":5.0,
        "D":2.0,
        "mult":1000.0
    },
    "refkdt":3.0477815442857144,
    "max_gw_storage":0.15228024292,
    "Cgw":1.8e-05,
    "expon":1.0,
    "gw_storage":0.05,
    "soil_storage":0.05,
    "K_lf":0.01,
    "K_nash":0.03,
    "nash_storage":[
        0.0,
        0.0
    ],
    "giuh_ordinates":[
        0.44,
        0.27,
        0.14,
        0.09,
        0.04,
        0.02
    ],
    "stand_alone":1,
    "unit_test":0,
    "compare_results_file":"",
    "partition_scheme":"Schaake",
    "soil_scheme":"ode"
}