{
    "forcing_file":"../data/camels/gauch_etal_2020/nldas_hourly/02053800_hourly_nldas.csv",
    "catchment_area_km2":280.72,
    "alpha_fc":0.33,
    "soil_params":{
        "depth":2.0,
        "satdk":1.5000444444444445e-05,
        "satpsi":0.5942742119722222,
        "slop":0.032656072527777774,
        "smcmax":0.5074296266111111,
        "wltsmc":0.07902567016666666,
        "bb":6.083333333333333,
        "D":2.0,
        "mult":1000.0
    },
    "refkdt":0.6849596136388889,
    "max_gw_storage":0.227426071167,
    "Cgw":1.8e-05,
    "expon":2.0,
    "gw_storage":0.05,
    "soil_storage":0.05,
    "K_lf":0.01,
    "K_nash":0.03,
    "nash_storage":[
        0.0,
        0.0
    ],
    "giuh_ordinates":[
        0.31,
        0.29,
        0.21,
        0.12,
        0.05,
        0.02,
        0.0,
        0.0
    ],
    "stand_alone":1,
    "unit_test":0,
    "compare_results_file":"",
    "partition_scheme":"Schaake",
    "soil_scheme":"ode"
}