{
    "forcing_file":"../data/camels/gauch_etal_2020/nldas_hourly/01134500_hourly_nldas.csv",
    "catchment_area_km2":195.13,
    "alpha_fc":0.33,
    "soil_params":{
        "depth":2.0,
        "satdk":1.51015e-05,
        "satpsi":0.33270303527272727,
        "slop":0.04874531163636364,
        "smcmax":0.49527275259090914,
        "wltsmc":0.06326623363636365,
        "bb":5.545454545454546,
        "D":2.0,
        "mult":1000.0
    },
    "refkdt":3.8395791311363623,
    "max_gw_storage":0.17381707763700002,
    "Cgw":1.8e-05,
    "expon":4.0,
    "gw_storage":0.05,
    "soil_storage":0.05,
    "K_lf":0.01,
    "K_nash":0.03,
    "nash_storage":[
        0.0,
        0.0
    ],
    "giuh_ordinates":[
        0.29,
        0.25,
        0.19,
        0.13,
        0.08,
        0.04,
        0.02,
        0.0
    ],
    "stand_alone":1,
    "unit_test":0,
    "compare_results_file":"",
    "partition_scheme":"Schaake",
    "soil_scheme":"ode"
}