{
    "forcing_file":"../data/camels/gauch_etal_2020/nldas_hourly/03170000_hourly_nldas.csv",
    "catchment_area_km2":794.64,
    "alpha_fc":0.33,
    "soil_params":{
        "depth":2.0,
        "satdk":9.539883495145632e-06,
        "satpsi":0.39188366610679615,
        "slop":0.09517640466019417,
        "smcmax":0.4173772387281552,
        "wltsmc":0.06789675626213591,
        "bb":5.951456310679611,
        "D":2.0,
        "mult":1000.0
    },
    "refkdt":0.3399320048058252,
    "max_gw_storage":0.24737931643404845,
    "Cgw":1.8e-05,
    "expon":1.0,
    "gw_storage":0.05,
    "soil_storage":0.05,
    "K_lf":0.01,
    "K_nash":0.03,
    "nash_storage":[
        0.0,
        0.0
    ],
    "giuh_ordinates":[
        0.43,
        0.35,
        0.16,
        0.05,
        0.01,
        0.0
    ],
    "stand_alone":1,
    "unit_test":0,
    "compare_results_file":"",
    "partition_scheme":"Schaake",
    "soil_scheme":"ode"
}