{
    "forcing_file":"../data/camels/gauch_etal_2020/nldas_hourly/02082950_hourly_nldas.csv",
    "catchment_area_km2":460.85,
    "alpha_fc":0.33,
    "soil_params":{
        "depth":2.0,
        "satdk":1.4556846153846152e-05,
        "satpsi":0.21215664375000004,
        "slop":0.03285740761538462,
        "smcmax":0.4356630560961538,
        "wltsmc":0.052305419134615394,
        "bb":8.038461538461538,
        "D":2.0,
        "mult":1000.0
    },
    "refkdt":1.1538429864038462,
    "max_gw_storage":0.024906566619999994,
    "Cgw":1.8e-05,
    "expon":1.0,
    "gw_storage":0.05,
    "soil_storage":0.05,
    "K_lf":0.01,
    "K_nash":0.03,
    "nash_storage":[
        0.0,
        0.0
    ],
    "giuh_ordinates":[
        0.48,
        0.32,
        0.14,
        0.05,
        0.01,
        0.0
    ],
    "stand_alone":1,
    "unit_test":0,
    "compare_results_file":"",
    "partition_scheme":"Schaake",
    "soil_scheme":"ode"
}