{
    "forcing_file":"../data/camels/gauch_etal_2020/nldas_hourly/02298608_hourly_nldas.csv",
    "catchment_area_km2":312.34,
    "alpha_fc":0.33,
    "soil_params":{
        "depth":2.0,
        "satdk":1.4200542857142857e-05,
        "satpsi":0.06740407657142856,
        "slop":0.010163101057142859,
        "smcmax":0.33800781519999995,
        "wltsmc":0.0110109842,
        "bb":4.8,
        "D":2.0,
        "mult":1000.0
    },
    "refkdt":1.3339860205428573,
    "max_gw_storage":0.029266486200057142,
    "Cgw":1.8e-05,
    "expon":5.857142857142857,
    "gw_storage":0.05,
    "soil_storage":0.05,
    "K_lf":0.01,
    "K_nash":0.03,
    "nash_storage":[
        0.0,
        0.0
    ],
    "giuh_ordinates":[
        0.33,
        0.22,
        0.16,
        0.11,
        0.08,
        0.04,
        0.02,
        0.01,
        0.01,
        0.01,
        0.01,
        0.0
    ],
    "stand_alone":1,
    "unit_test":0,
    "compare_results_file":"",
    "partition_scheme":"Schaake",
    "soil_scheme":"ode"
}