{
    "forcing_file":"../data/camels/gauch_etal_2020/nldas_hourly/03471500_hourly_nldas.csv",
    "catchment_area_km2":198.16,
    "alpha_fc":0.33,
    "soil_params":{
        "depth":2.0,
        "satdk":2.5407888888888892e-05,
        "satpsi":0.49976647988888884,
        "slop":0.1239376941111111,
        "smcmax":0.5376850377037038,
        "wltsmc":0.07354773466666666,
        "bb":5.0,
        "D":2.0,
        "mult":1000.0
    },
    "refkdt":2.4127366285555554,
    "max_gw_storage":0.17440614245492594,
    "Cgw":1.8e-05,
    "expon":1.0,
    "gw_storage":0.05,
    "soil_storage":0.05,
    "K_lf":0.01,
    "K_nash":0.03,
    "nash_storage":[
        0.0,
        0.0
    ],
    "giuh_ordinates":[
        0.34,
        0.27,
        0.19,
        0.11,
        0.06,
        0.02,
        0.01,
        0.0
    ],
    "stand_alone":1,
    "unit_test":0,
    "compare_results_file":"",
    "partition_scheme":"Schaake",
    "soil_scheme":"ode"
}