{
    "forcing_file":"../data/camels/gauch_etal_2020/nldas_hourly/01632900_hourly_nldas.csv",
    "catchment_area_km2":245.05,
    "alpha_fc":0.33,
    "soil_params":{
        "depth":2.0,
        "satdk":2.201266666666667e-06,
        "satpsi":0.4859756712,
        "slop":0.13231807413333332,
        "smcmax":0.4951570646666667,
        "wltsmc":0.07808253406666667,
        "bb":3.4,
        "D":2.0,
        "mult":1000.0
    },
    "refkdt":1.8347323460666667,
    "max_gw_storage":0.080971809387,
    "Cgw":1.8e-05,
    "expon":2.0,
    "gw_storage":0.05,
    "soil_storage":0.05,
    "K_lf":0.01,
    "K_nash":0.03,
    "nash_storage":[
        0.0,
        0.0
    ],
    "giuh_ordinates":[
        0.3,
        0.25,
        0.17,
        0.12,
        0.07,
        0.04,
        0.02,
        0.02,
        0.01,
        0.0
    ],
    "stand_alone":1,
    "unit_test":0,
    "compare_results_file":"",
    "partition_scheme":"Schaake",
    "soil_scheme":"ode"
}