{
    "forcing_file":"../data/camels/gauch_etal_2020/nldas_hourly/01664000_hourly_nldas.csv",
    "catchment_area_km2":1605.1,
    "alpha_fc":0.33,
    "soil_params":{
        "depth":2.0,
        "satdk":1.4894e-05,
        "satpsi":0.3889318726766917,
        "slop":0.055339263082706765,
        "smcmax":0.4565880650526316,
        "wltsmc":0.06570332635338345,
        "bb":5.466165413533835,
        "D":2.0,
        "mult":1000.0
    },
    "refkdt":0.6284489794511279,
    "max_gw_storage":0.06938909623245114,
    "Cgw":1.8000000000000004e-05,
    "expon":3.9774436090225564,
    "gw_storage":0.05,
    "soil_storage":0.05,
    "K_lf":0.01,
    "K_nash":0.03,
    "nash_storage":[
        0.0,
        0.0
    ],
    "giuh_ordinates":[
        0.36,
        0.27,
        0.16,
        0.09,
        0.05,
        0.03,
        0.02,
        0.01,
        0.01,
        0.0,
        0.0,
        0.0,
        0.0,
        0.0
    ],
    "stand_alone":1,
    "unit_test":0,
    "compare_results_file":"",
    "partition_scheme":"Schaake",
    "soil_scheme":"ode"
}