{
    "forcing_file":"../data/camels/gauch_etal_2020/nldas_hourly/02246000_hourly_nldas.csv",
    "catchment_area_km2":451.06,
    "alpha_fc":0.33,
    "soil_params":{
        "depth":2.0,
        "satdk":1.4401367346938773e-05,
        "satpsi":0.06694831893877551,
        "slop":0.07044493365306122,
        "smcmax":0.35515182761224484,
        "wltsmc":0.010361504877551022,
        "bb":4.0,
        "D":2.0,
        "mult":1000.0
    },
    "refkdt":3.9460719471020407,
    "max_gw_storage":0.16385633573573471,
    "Cgw":1.8e-05,
    "expon":2.0,
    "gw_storage":0.05,
    "soil_storage":0.05,
    "K_lf":0.01,
    "K_nash":0.03,
    "nash_storage":[
        0.0,
        0.0
    ],
    "giuh_ordinates":[
        0.33,
        0.2,
        0.13,
        0.08,
        0.06,
        0.04,
        0.04,
        0.03,
        0.03,
        0.02,
        0.01,
        0.01,
        0.01,
        0.01,
        0.0,
        0.0,
        0.0
    ],
    "stand_alone":1,
    "unit_test":0,
    "compare_results_file":"",
    "partition_scheme":"Schaake",
    "soil_scheme":"ode"
}