{
    "forcing_file":"../data/camels/gauch_etal_2020/nldas_hourly/01591400_hourly_nldas.csv",
    "catchment_area_km2":59.09,
    "alpha_fc":0.33,
    "soil_params":{
        "depth":2.0,
        "satdk":4.372375000000001e-06,
        "satpsi":0.699580484625,
        "slop":0.038698854374999994,
        "smcmax":0.507372192,
        "wltsmc":0.08212260262500001,
        "bb":3.0,
        "D":2.0,
        "mult":1000.0
    },
    "refkdt":2.357358302375,
    "max_gw_storage":0.19669758605999998,
    "Cgw":1.8e-05,
    "expon":1.0,
    "gw_storage":0.05,
    "soil_storage":0.05,
    "K_lf":0.01,
    "K_nash":0.03,
    "nash_storage":[
        0.0,
        0.0
    ],
    "giuh_ordinates":[
        0.47,
        0.27,
        0.13,
        0.07,
        0.04,
        0.02
    ],
    "stand_alone":1,
    "unit_test":0,
    "compare_results_file":"",
    "partition_scheme":"Schaake",
    "soil_scheme":"ode"
}