{
    "forcing_file":"../data/camels/gauch_etal_2020/nldas_hourly/03241500_hourly_nldas.csv",
    "catchment_area_km2":170.91,
    "alpha_fc":0.33,
    "soil_params":{
        "depth":2.0,
        "satdk":5.622333333333333e-06,
        "satpsi":0.7029985689047621,
        "slop":0.02610634095238095,
        "smcmax":0.44899979447619043,
        "wltsmc":0.09844869714285716,
        "bb":11.333333333333334,
        "D":2.0,
        "mult":1000.0
    },
    "refkdt":3.927354965047618,
    "max_gw_storage":0.04085573577900001,
    "Cgw":1.8e-05,
    "expon":1.0,
    "gw_storage":0.05,
    "soil_storage":0.05,
    "K_lf":0.01,
    "K_nash":0.03,
    "nash_storage":[
        0.0,
        0.0
    ],
    "giuh_ordinates":[
        0.36,
        0.26,
        0.17,
        0.1,
        0.06,
        0.02,
        0.01,
        0.01,
        0.01,
        0.0,
        0.0,
        0.0
    ],
    "stand_alone":1,
    "unit_test":0,
    "compare_results_file":"",
    "partition_scheme":"Schaake",
    "soil_scheme":"ode"
}