{
    "forcing_file":"../data/camels/gauch_etal_2020/nldas_hourly/01435000_hourly_nldas.csv",
    "catchment_area_km2":172.46,
    "alpha_fc":0.33,
    "soil_params":{
        "depth":2.0,
        "satdk":3.994941176470589e-06,
        "satpsi":0.5911685881764706,
        "slop":0.06227931894117648,
        "smcmax":0.4508867055294118,
        "wltsmc":0.07739357370588235,
        "bb":3.588235294117647,
        "D":2.0,
        "mult":1000.0
    },
    "refkdt":2.5613427531764708,
    "max_gw_storage":0.19128742756570585,
    "Cgw":1.8e-05,
    "expon":4.529411764705882,
    "gw_storage":0.05,
    "soil_storage":0.05,
    "K_lf":0.01,
    "K_nash":0.03,
    "nash_storage":[
        0.0,
        0.0
    ],
    "giuh_ordinates":[
        0.2,
        0.21,
        0.21,
        0.18,
        0.12,
        0.06,
        0.02,
        0.0,
        0.0
    ],
    "stand_alone":1,
    "unit_test":0,
    "compare_results_file":"",
    "partition_scheme":"Schaake",
    "soil_scheme":"ode"
}