{
    "forcing_file":"../data/camels/gauch_etal_2020/nldas_hourly/01639500_hourly_nldas.csv",
    "catchment_area_km2":267.18,
    "alpha_fc":0.33,
    "soil_params":{
        "depth":2.0,
        "satdk":5.426428571428572e-06,
        "satpsi":0.5033378066857144,
        "slop":0.04679835185714286,
        "smcmax":0.4484944432857143,
        "wltsmc":0.07329563060000001,
        "bb":6.0,
        "D":2.0,
        "mult":1000.0
    },
    "refkdt":0.6938269869142858,
    "max_gw_storage":0.079141342163,
    "Cgw":1.8e-05,
    "expon":1.0,
    "gw_storage":0.05,
    "soil_storage":0.05,
    "K_lf":0.01,
    "K_nash":0.03,
    "nash_storage":[
        0.0,
        0.0
    ],
    "giuh_ordinates":[
        0.45,
        0.33,
        0.15,
        0.05,
        0.02,
        0.0
    ],
    "stand_alone":1,
    "unit_test":0,
    "compare_results_file":"",
    "partition_scheme":"Schaake",
    "soil_scheme":"ode"
}