{
    "forcing_file":"../data/camels/gauch_etal_2020/nldas_hourly/03488000_hourly_nldas.csv",
    "catchment_area_km2":578.21,
    "alpha_fc":0.33,
    "soil_params":{
        "depth":2.0,
        "satdk":6.473402777777778e-06,
        "satpsi":0.5041352462777778,
        "slop":0.14037293375,
        "smcmax":0.5495312611388888,
        "wltsmc":0.07863885197222222,
        "bb":4.111111111111111,
        "D":2.0,
        "mult":1000.0
    },
    "refkdt":0.19422062397222226,
    "max_gw_storage":0.08720101928699998,
    "Cgw":1.8e-05,
    "expon":3.0,
    "gw_storage":0.05,
    "soil_storage":0.05,
    "K_lf":0.01,
    "K_nash":0.03,
    "nash_storage":[
        0.0,
        0.0
    ],
    "giuh_ordinates":[
        0.28,
        0.28,
        0.19,
        0.11,
        0.06,
        0.04,
        0.02,
        0.01,
        0.01,
        0.0,
        0.0,
        0.0
    ],
    "stand_alone":1,
    "unit_test":0,
    "compare_results_file":"",
    "partition_scheme":"Schaake",
    "soil_scheme":"ode"
}