{
    "forcing_file":"../data/camels/gauch_etal_2020/nldas_hourly/02297310_hourly_nldas.csv",
    "catchment_area_km2":528.38,
    "alpha_fc":0.33,
    "soil_params":{
        "depth":2.0,
        "satdk":8.722510204081632e-06,
        "satpsi":0.0594411968367347,
        "slop":0.008645908693877552,
        "smcmax":0.342280029632653,
        "wltsmc":0.010020547673469389,
        "bb":4.0,
        "D":2.0,
        "mult":1000.0
    },
    "refkdt":3.915633708244898,
    "max_gw_storage":0.12544904845085716,
    "Cgw":1.8e-05,
    "expon":1.7142857142857142,
    "gw_storage":0.05,
    "soil_storage":0.05,
    "K_lf":0.01,
    "K_nash":0.03,
    "nash_storage":[
        0.0,
        0.0
    ],
    "giuh_ordinates":[
        0.27,
        0.2,
        0.15,
        0.11,
        0.08,
        0.06,
        0.04,
        0.03,
        0.02,
        0.02,
        0.01,
        0.01,
        0.0
    ],
    "stand_alone":1,
    "unit_test":0,
    "compare_results_file":"",
    "partition_scheme":"Schaake",
    "soil_scheme":"ode"
}