{
    "forcing_file":"../data/camels/gauch_etal_2020/nldas_hourly/01350000_hourly_nldas.csv",
    "catchment_area_km2":612.51,
    "alpha_fc":0.33,
    "soil_params":{
        "depth":2.0,
        "satdk":2.4151892857142854e-05,
        "satpsi":0.6115138186428571,
        "slop":0.0808860612857143,
        "smcmax":0.44375694332142857,
        "wltsmc":0.07937529717857142,
        "bb":9.0,
        "D":2.0,
        "mult":1000.0
    },
    "refkdt":3.6666849452500005,
    "max_gw_storage":0.051889499664000006,
    "Cgw":1.8e-05,
    "expon":2.0,
    "gw_storage":0.05,
    "soil_storage":0.05,
    "K_lf":0.01,
    "K_nash":0.03,
    "nash_storage":[
        0.0,
        0.0
    ],
    "giuh_ordinates":[
        0.2,
        0.19,
        0.18,
        0.15,
        0.1,
        0.07,
        0.05,
        0.03,
        0.02,
        0.01,
        0.0,
        0.0
    ],
    "stand_alone":1,
    "unit_test":0,
    "compare_results_file":"",
    "partition_scheme":"Schaake",
    "soil_scheme":"ode"
}