{
    "forcing_file":"../data/camels/gauch_etal_2020/nldas_hourly/01162500_hourly_nldas.csv",
    "catchment_area_km2":49.71,
    "alpha_fc":0.33,
    "soil_params":{
        "depth":2.0,
        "satdk":4.846e-06,
        "satpsi":0.141000003,
        "slop":0.016753956333333334,
        "smcmax":0.4269476002222222,
        "wltsmc":0.046999998,
        "bb":5.0,
        "D":2.0,
        "mult":1000.0
    },
    "refkdt":2.5429803517777776,
    "max_gw_storage":0.011249274254,
    "Cgw":1.8e-05,
    "expon":7.0,
    "gw_storage":0.05,
    "soil_storage":0.05,
    "K_lf":0.01,
    "K_nash":0.03,
    "nash_storage":[
        0.0,
        0.0
    ],
    "giuh_ordinates":[
        0.37,
        0.3,
        0.19,
        0.09,
        0.04,
        0.01,
        0.0
    ],
    "stand_alone":1,
    "unit_test":0,
    "compare_results_file":"",
    "partition_scheme":"Schaake",
    "soil_scheme":"ode"
}