{
    "forcing_file":"../data/camels/gauch_etal_2020/nldas_hourly/02465493_hourly_nldas.csv",
    "catchment_area_km2":83.42,
    "alpha_fc":0.33,
    "soil_params":{
        "depth":2.0,
        "satdk":8.095272727272728e-06,
        "satpsi":0.20005918545454546,
        "slop":0.27452201818181815,
        "smcmax":0.44907711100000003,
        "wltsmc":0.052786926727272726,
        "bb":6.181818181818182,
        "D":2.0,
        "mult":1000.0
    },
    "refkdt":3.9130603489999998,
    "max_gw_storage":0.243883789062,
    "Cgw":1.8e-05,
    "expon":1.0,
    "gw_storage":0.05,
    "soil_storage":0.05,
    "K_lf":0.01,
    "K_nash":0.03,
    "nash_storage":[
        0.0,
        0.0
    ],
    "giuh_ordinates":[
        0.4,
        0.32,
        0.18,
        0.08,
        0.02,
        0.0
    ],
    "stand_alone":1,
    "unit_test":0,
    "compare_results_file":"",
    "partition_scheme":"Schaake",
    "soil_scheme":"ode"
}