{
    "forcing_file":"../data/camels/gauch_etal_2020/nldas_hourly/02472500_hourly_nldas.csv",
    "catchment_area_km2":789.94,
    "alpha_fc":0.33,
    "soil_params":{
        "depth":2.0,
        "satdk":1.3729540229885058e-06,
        "satpsi":0.19432978896551714,
        "slop":0.3177623764137932,
        "smcmax":0.4320752855287356,
        "wltsmc":0.05198193962068968,
        "bb":5.160919540229885,
        "D":2.0,
        "mult":1000.0
    },
    "refkdt":1.4621723915287355,
    "max_gw_storage":0.2485055330299886,
    "Cgw":1.8e-05,
    "expon":1.0,
    "gw_storage":0.05,
    "soil_storage":0.05,
    "K_lf":0.01,
    "K_nash":0.03,
    "nash_storage":[
        0.0,
        0.0
    ],
    "giuh_ordinates":[
        0.44,
        0.28,
        0.16,
        0.08,
        0.03,
        0.01,
        0.0,
        0.0
    ],
    "stand_alone":1,
    "unit_test":0,
    "compare_results_file":"",
    "partition_scheme":"Schaake",
    "soil_scheme":"ode"
}