{
    "forcing_file":"../data/camels/gauch_etal_2020/nldas_hourly/04185000_hourly_nldas.csv",
    "catchment_area_km2":1064.0,
    "alpha_fc":0.33,
    "soil_params":{
        "depth":2.0,
        "satdk":1.9851984e-05,
        "satpsi":0.513385180288,
        "slop":0.014021890176000003,
        "smcmax":0.493956864368,
        "wltsmc":0.080633194048,
        "bb":9.952,
        "D":2.0,
        "mult":1000.0
    },
    "refkdt":0.37895069548,
    "max_gw_storage":0.012547731190944001,
    "Cgw":1.799999999999999e-05,
    "expon":7.0,
    "gw_storage":0.05,
    "soil_storage":0.05,
    "K_lf":0.01,
    "K_nash":0.03,
    "nash_storage":[
        0.0,
        0.0
    ],
    "giuh_ordinates":[
        0.41,
        0.23,
        0.15,
        0.09,
        0.05,
        0.03,
        0.02,
        0.01,
        0.01,
        0.0,
        0.0,
        0.0,
        0.0,
        0.0,
        0.0,
        0.0,
        0.0,
        0.0
    ],
    "stand_alone":1,
    "unit_test":0,
    "compare_results_file":"",
    "partition_scheme":"Schaake",
    "soil_scheme":"ode"
}