{
    "forcing_file":"../data/camels/gauch_etal_2020/nldas_hourly/01137500_hourly_nldas.csv",
    "catchment_area_km2":228.55,
    "alpha_fc":0.33,
    "soil_params":{
        "depth":2.0,
        "satdk":2.7441583333333335e-05,
        "satpsi":0.141000003,
        "slop":0.09122548745833332,
        "smcmax":0.47106645412500003,
        "wltsmc":0.04699999800000001,
        "bb":6.0,
        "D":2.0,
        "mult":1000.0
    },
    "refkdt":3.1388878595,
    "max_gw_storage":0.20211819458,
    "Cgw":1.8e-05,
    "expon":2.0,
    "gw_storage":0.05,
    "soil_storage":0.05,
    "K_lf":0.01,
    "K_nash":0.03,
    "nash_storage":[
        0.0,
        0.0
    ],
    "giuh_ordinates":[
        0.24,
        0.2,
        0.16,
        0.12,
        0.09,
        0.07,
        0.04,
        0.03,
        0.02,
        0.01,
        0.01,
        0.01,
        0.0,
        0.0,
        0.0
    ],
    "stand_alone":1,
    "unit_test":0,
    "compare_results_file":"",
    "partition_scheme":"Schaake",
    "soil_scheme":"ode"
}