{
    "forcing_file":"../data/camels/gauch_etal_2020/nldas_hourly/04045500_hourly_nldas.csv",
    "catchment_area_km2":1909.59,
    "alpha_fc":0.33,
    "soil_params":{
        "depth":2.0,
        "satdk":3.3918193548387104e-06,
        "satpsi":0.1838674991419355,
        "slop":0.07153556711612903,
        "smcmax":0.48681981542580643,
        "wltsmc":0.04365359137419355,
        "bb":2.432258064516129,
        "D":2.0,
        "mult":1000.0
    },
    "refkdt":0.6861641574645161,
    "max_gw_storage":0.012234768624316128,
    "Cgw":1.8e-05,
    "expon":7.0,
    "gw_storage":0.05,
    "soil_storage":0.05,
    "K_lf":0.01,
    "K_nash":0.03,
    "nash_storage":[
        0.0,
        0.0
    ],
    "giuh_ordinates":[
        0.24,
        0.18,
        0.15,
        0.12,
        0.08,
        0.06,
        0.05,
        0.04,
        0.03,
        0.02,
        0.01,
        0.01,
        0.01,
        0.0,
        0.0,
        0.0,
        0.0
    ],
    "stand_alone":1,
    "unit_test":0,
    "compare_results_file":"",
    "partition_scheme":"Schaake",
    "soil_scheme":"ode"
}