{
    "forcing_file":"../data/camels/gauch_etal_2020/nldas_hourly/04015330_hourly_nldas.csv",
    "catchment_area_km2":224.35,
    "alpha_fc":0.33,
    "soil_params":{
        "depth":2.0,
        "satdk":3.823214285714286e-06,
        "satpsi":0.37494561432142853,
        "slop":0.006831574285714286,
        "smcmax":0.3835388262500001,
        "wltsmc":0.08731824103571428,
        "bb":6.357142857142857,
        "D":2.0,
        "mult":1000.0
    },
    "refkdt":3.882226214928571,
    "max_gw_storage":0.136905441284,
    "Cgw":1.8e-05,
    "expon":5.0,
    "gw_storage":0.05,
    "soil_storage":0.05,
    "K_lf":0.01,
    "K_nash":0.03,
    "nash_storage":[
        0.0,
        0.0
    ],
    "giuh_ordinates":[
        0.45,
        0.25,
        0.15,
        0.08,
        0.04,
        0.02,
        0.01
    ],
    "stand_alone":1,
    "unit_test":0,
    "compare_results_file":"",
    "partition_scheme":"Schaake",
    "soil_scheme":"ode"
}