{
    "forcing_file":"../data/camels/gauch_etal_2020/nldas_hourly/02178400_hourly_nldas.csv",
    "catchment_area_km2":151.28,
    "alpha_fc":0.33,
    "soil_params":{
        "depth":2.0,
        "satdk":8.314529411764704e-06,
        "satpsi":0.25488598888235303,
        "slop":0.33380329847058826,
        "smcmax":0.4432968598823529,
        "wltsmc":0.057468831882352946,
        "bb":5.529411764705882,
        "D":2.0,
        "mult":1000.0
    },
    "refkdt":3.970833990941176,
    "max_gw_storage":0.247110229492,
    "Cgw":1.8e-05,
    "expon":2.0,
    "gw_storage":0.05,
    "soil_storage":0.05,
    "K_lf":0.01,
    "K_nash":0.03,
    "nash_storage":[
        0.0,
        0.0
    ],
    "giuh_ordinates":[
        0.25,
        0.24,
        0.19,
        0.12,
        0.08,
        0.05,
        0.03,
        0.02,
        0.01,
        0.01,
        0.0,
        0.0,
        0.0
    ],
    "stand_alone":1,
    "unit_test":0,
    "compare_results_file":"",
    "partition_scheme":"Schaake",
    "soil_scheme":"ode"
}