{
    "forcing_file":"../data/camels/gauch_etal_2020/nldas_hourly/01487000_hourly_nldas.csv",
    "catchment_area_km2":187.41,
    "alpha_fc":0.33,
    "soil_params":{
        "depth":2.0,
        "satdk":2.768976923076923e-05,
        "satpsi":0.10263318103846153,
        "slop":0.0691836753076923,
        "smcmax":0.46393135496153853,
        "wltsmc":0.04192168250000001,
        "bb":8.0,
        "D":2.0,
        "mult":1000.0
    },
    "refkdt":2.9482415908461537,
    "max_gw_storage":0.171246047974,
    "Cgw":1.8e-05,
    "expon":2.0,
    "gw_storage":0.05,
    "soil_storage":0.05,
    "K_lf":0.01,
    "K_nash":0.03,
    "nash_storage":[
        0.0,
        0.0
    ],
    "giuh_ordinates":[
        0.37,
        0.26,
        0.16,
        0.09,
        0.05,
        0.03,
        0.02,
        0.01,
        0.01,
        0.0
    ],
    "stand_alone":1,
    "unit_test":0,
    "compare_results_file":"",
    "partition_scheme":"Schaake",
    "soil_scheme":"ode"
}