{
    "forcing_file":"../data/camels/gauch_etal_2020/nldas_hourly/04196800_hourly_nldas.csv",
    "catchment_area_km2":608.07,
    "alpha_fc":0.33,
    "soil_params":{
        "depth":2.0,
        "satdk":1.5464418604651167e-06,
        "satpsi":0.700571479593023,
        "slop":0.14678255612790697,
        "smcmax":0.3895440550813953,
        "wltsmc":0.09081075953488375,
        "bb":8.19767441860465,
        "D":2.0,
        "mult":1000.0
    },
    "refkdt":0.45549878453488374,
    "max_gw_storage":0.017765300750999993,
    "Cgw":1.8e-05,
    "expon":7.0,
    "gw_storage":0.05,
    "soil_storage":0.05,
    "K_lf":0.01,
    "K_nash":0.03,
    "nash_storage":[
        0.0,
        0.0
    ],
    "giuh_ordinates":[
        0.47,
        0.25,
        0.15,
        0.08,
        0.03,
        0.01,
        0.01,
        0.0,
        0.0,
        0.0,
        0.0,
        0.0,
        0.0,
        0.0,
        0.0,
        0.0
    ],
    "stand_alone":1,
    "unit_test":0,
    "compare_results_file":"",
    "partition_scheme":"Schaake",
    "soil_scheme":"ode"
}