{
    "forcing_file":"../data/camels/gauch_etal_2020/nldas_hourly/02111500_hourly_nldas.csv",
    "catchment_area_km2":233.66,
    "alpha_fc":0.33,
    "soil_params":{
        "depth":2.0,
        "satdk":3.33278125e-06,
        "satpsi":0.23960130509375,
        "slop":0.06252245075000001,
        "smcmax":0.44275966850000004,
        "wltsmc":0.056251953718750004,
        "bb":3.0,
        "D":2.0,
        "mult":1000.0
    },
    "refkdt":3.78661439215625,
    "max_gw_storage":0.24600917053200003,
    "Cgw":1.8e-05,
    "expon":1.0,
    "gw_storage":0.05,
    "soil_storage":0.05,
    "K_lf":0.01,
    "K_nash":0.03,
    "nash_storage":[
        0.0,
        0.0
    ],
    "giuh_ordinates":[
        0.33,
        0.29,
        0.19,
        0.11,
        0.05,
        0.02,
        0.01,
        0.0
    ],
    "stand_alone":1,
    "unit_test":0,
    "compare_results_file":"",
    "partition_scheme":"Schaake",
    "soil_scheme":"ode"
}