{
    "forcing_file":"../data/camels/gauch_etal_2020/nldas_hourly/03340800_hourly_nldas.csv",
    "catchment_area_km2":357.65,
    "alpha_fc":0.33,
    "soil_params":{
        "depth":2.0,
        "satdk":7.804863636363638e-06,
        "satpsi":0.747823235409091,
        "slop":0.010556556454545453,
        "smcmax":0.4537193961818181,
        "wltsmc":0.08665328995454546,
        "bb":8.227272727272727,
        "D":2.0,
        "mult":1000.0
    },
    "refkdt":1.2718871812272725,
    "max_gw_storage":0.02960672950700001,
    "Cgw":1.8e-05,
    "expon":4.0,
    "gw_storage":0.05,
    "soil_storage":0.05,
    "K_lf":0.01,
    "K_nash":0.03,
    "nash_storage":[
        0.0,
        0.0
    ],
    "giuh_ordinates":[
        0.24,
        0.17,
        0.13,
        0.09,
        0.08,
        0.07,
        0.06,
        0.05,
        0.03,
        0.02,
        0.02,
        0.02,
        0.01,
        0.01,
        0.0,
        0.0,
        0.0,
        0.0
    ],
    "stand_alone":1,
    "unit_test":0,
    "compare_results_file":"",
    "partition_scheme":"Schaake",
    "soil_scheme":"ode"
}