{
    "forcing_file":"../data/camels/gauch_etal_2020/nldas_hourly/02198100_hourly_nldas.csv",
    "catchment_area_km2":79.49,
    "alpha_fc":0.33,
    "soil_params":{
        "depth":2.0,
        "satdk":1.3445900000000003e-05,
        "satpsi":0.03599999799999999,
        "slop":0.13193121410000003,
        "smcmax":0.4519782697,
        "wltsmc":0.028000001000000004,
        "bb":6.0,
        "D":2.0,
        "mult":1000.0
    },
    "refkdt":3.8505873117999996,
    "max_gw_storage":0.2204940283481,
    "Cgw":1.8e-05,
    "expon":1.0,
    "gw_storage":0.05,
    "soil_storage":0.05,
    "K_lf":0.01,
    "K_nash":0.03,
    "nash_storage":[
        0.0,
        0.0
    ],
    "giuh_ordinates":[
        0.46,
        0.31,
        0.16,
        0.05,
        0.02
    ],
    "stand_alone":1,
    "unit_test":0,
    "compare_results_file":"",
    "partition_scheme":"Schaake",
    "soil_scheme":"ode"
}