{
    "forcing_file":"../data/camels/gauch_etal_2020/nldas_hourly/04059500_hourly_nldas.csv",
    "catchment_area_km2":1184.37,
    "alpha_fc":0.33,
    "soil_params":{
        "depth":2.0,
        "satdk":1.6175123456790123e-05,
        "satpsi":0.14460876722222224,
        "slop":0.004120342320987656,
        "smcmax":0.5044549339259259,
        "wltsmc":0.045390401493827164,
        "bb":4.91358024691358,
        "D":2.0,
        "mult":1000.0
    },
    "refkdt":3.1753063965308645,
    "max_gw_storage":0.086620796204,
    "Cgw":1.8e-05,
    "expon":5.0,
    "gw_storage":0.05,
    "soil_storage":0.05,
    "K_lf":0.01,
    "K_nash":0.03,
    "nash_storage":[
        0.0,
        0.0
    ],
    "giuh_ordinates":[
        0.28,
        0.21,
        0.16,
        0.12,
        0.09,
        0.06,
        0.03,
        0.02,
        0.01,
        0.01,
        0.01,
        0.0,
        0.0,
        0.0,
        0.0
    ],
    "stand_alone":1,
    "unit_test":0,
    "compare_results_file":"",
    "partition_scheme":"Schaake",
    "soil_scheme":"ode"
}