{
    "forcing_file":"../data/camels/gauch_etal_2020/nldas_hourly/02427250_hourly_nldas.csv",
    "catchment_area_km2":675.24,
    "alpha_fc":0.33,
    "soil_params":{
        "depth":2.0,
        "satdk":8.654619718309856e-06,
        "satpsi":0.18144886736619725,
        "slop":0.00987917742253521,
        "smcmax":0.4273742156478874,
        "wltsmc":0.06098327449295777,
        "bb":9.52112676056338,
        "D":2.0,
        "mult":1000.0
    },
    "refkdt":2.128698454338028,
    "max_gw_storage":0.2279837493900001,
    "Cgw":1.8e-05,
    "expon":1.0,
    "gw_storage":0.05,
    "soil_storage":0.05,
    "K_lf":0.01,
    "K_nash":0.03,
    "nash_storage":[
        0.0,
        0.0
    ],
    "giuh_ordinates":[
        0.46,
        0.28,
        0.15,
        0.07,
        0.03,
        0.01,
        0.0,
        0.0,
        0.0,
        0.0,
        0.0,
        0.0
    ],
    "stand_alone":1,
    "unit_test":0,
    "compare_results_file":"",
    "partition_scheme":"Schaake",
    "soil_scheme":"ode"
}