{
    "forcing_file":"../data/camels/gauch_etal_2020/nldas_hourly/02092500_hourly_nldas.csv",
    "catchment_area_km2":447.58,
    "alpha_fc":0.33,
    "soil_params":{
        "depth":2.0,
        "satdk":8.759019607843136e-06,
        "satpsi":0.09422193580392159,
        "slop":0.08010781315686273,
        "smcmax":0.4346319470392157,
        "wltsmc":0.031161977039215687,
        "bb":6.784313725490196,
        "D":2.0,
        "mult":1000.0
    },
    "refkdt":2.5598691475686275,
    "max_gw_storage":0.011992844582,
    "Cgw":1.8e-05,
    "expon":7.0,
    "gw_storage":0.05,
    "soil_storage":0.05,
    "K_lf":0.01,
    "K_nash":0.03,
    "nash_storage":[
        0.0,
        0.0
    ],
    "giuh_ordinates":[
        0.34,
        0.23,
        0.16,
        0.11,
        0.06,
        0.03,
        0.02,
        0.01,
        0.01,
        0.01,
        0.01,
        0.01,
        0.0,
        0.0,
        0.0
    ],
    "stand_alone":1,
    "unit_test":0,
    "compare_results_file":"",
    "partition_scheme":"Schaake",
    "soil_scheme":"ode"
}