{
    "forcing_file":"../data/camels/gauch_etal_2020/nldas_hourly/03592718_hourly_nldas.csv",
    "catchment_area_km2":66.99,
    "alpha_fc":0.33,
    "soil_params":{
        "depth":2.0,
        "satdk":8.145375e-06,
        "satpsi":0.151255913125,
        "slop":0.03474799325,
        "smcmax":0.449916734875,
        "wltsmc":0.04843183725,
        "bb":8.0,
        "D":2.0,
        "mult":1000.0
    },
    "refkdt":0.32021457225000005,
    "max_gw_storage":0.134289886475,
    "Cgw":1.8e-05,
    "expon":2.0,
    "gw_storage":0.05,
    "soil_storage":0.05,
    "K_lf":0.01,
    "K_nash":0.03,
    "nash_storage":[
        0.0,
        0.0
    ],
    "giuh_ordinates":[
        0.37,
        0.31,
        0.18,
        0.11,
        0.03
    ],
    "stand_alone":1,
    "unit_test":0,
    "compare_results_file":"",
    "partition_scheme":"Schaake",
    "soil_scheme":"ode"
}