{
    "forcing_file":"../data/camels/gauch_etal_2020/nldas_hourly/02196000_hourly_nldas.csv",
    "catchment_area_km2":1408.38,
    "alpha_fc":0.33,
    "soil_params":{
        "depth":2.0,
        "satdk":7.2110462427745675e-06,
        "satpsi":0.5377196382774566,
        "slop":0.001281195924855491,
        "smcmax":0.426499956884393,
        "wltsmc":0.07218082532369943,
        "bb":8.653179190751445,
        "D":2.0,
        "mult":1000.0
    },
    "refkdt":1.9002568730751448,
    "max_gw_storage":0.15034280395500005,
    "Cgw":1.8000000000000004e-05,
    "expon":3.0,
    "gw_storage":0.05,
    "soil_storage":0.05,
    "K_lf":0.01,
    "K_nash":0.03,
    "nash_storage":[
        0.0,
        0.0
    ],
    "giuh_ordinates":[
        0.47,
        0.3,
        0.15,
        0.06,
        0.02,
        0.0
    ],
    "stand_alone":1,
    "unit_test":0,
    "compare_results_file":"",
    "partition_scheme":"Schaake",
    "soil_scheme":"ode"
}