{
    "forcing_file":"../data/camels/gauch_etal_2020/nldas_hourly/02369800_hourly_nldas.csv",
    "catchment_area_km2":227.51,
    "alpha_fc":0.33,
    "soil_params":{
        "depth":2.0,
        "satdk":1.708286363636363e-05,
        "satpsi":0.14100000299999996,
        "slop":0.20156109713636364,
        "smcmax":0.4544303361818182,
        "wltsmc":0.046999997999999994,
        "bb":7.0,
        "D":2.0,
        "mult":1000.0
    },
    "refkdt":3.7217503485909096,
    "max_gw_storage":0.2486880340580001,
    "Cgw":1.8e-05,
    "expon":1.0,
    "gw_storage":0.05,
    "soil_storage":0.05,
    "K_lf":0.01,
    "K_nash":0.03,
    "nash_storage":[
        0.0,
        0.0
    ],
    "giuh_ordinates":[
        0.36,
        0.25,
        0.16,
        0.09,
        0.06,
        0.04,
        0.02,
        0.01,
        0.01,
        0.0,
        0.0,
        0.0,
        0.0,
        0.0
    ],
    "stand_alone":1,
    "unit_test":0,
    "compare_results_file":"",
    "partition_scheme":"Schaake",
    "soil_scheme":"ode"
}