{
    "forcing_file":"../data/camels/gauch_etal_2020/nldas_hourly/01139000_hourly_nldas.csv",
    "catchment_area_km2":246.33,
    "alpha_fc":0.33,
    "soil_params":{
        "depth":2.0,
        "satdk":1.2676172413793102e-05,
        "satpsi":0.15274737213793108,
        "slop":0.07075138179310346,
        "smcmax":0.48452968158620696,
        "wltsmc":0.049422012999999994,
        "bb":4.137931034482759,
        "D":2.0,
        "mult":1000.0
    },
    "refkdt":3.5557641828275863,
    "max_gw_storage":0.17755499267599995,
    "Cgw":1.8e-05,
    "expon":4.0,
    "gw_storage":0.05,
    "soil_storage":0.05,
    "K_lf":0.01,
    "K_nash":0.03,
    "nash_storage":[
        0.0,
        0.0
    ],
    "giuh_ordinates":[
        0.3,
        0.27,
        0.21,
        0.13,
        0.06,
        0.02,
        0.01,
        0.0,
        0.0,
        0.0,
        0.0
    ],
    "stand_alone":1,
    "unit_test":0,
    "compare_results_file":"",
    "partition_scheme":"Schaake",
    "soil_scheme":"ode"
}