{
    "forcing_file":"../data/camels/gauch_etal_2020/nldas_hourly/02361000_hourly_nldas.csv",
    "catchment_area_km2":1781.61,
    "alpha_fc":0.33,
    "soil_params":{
        "depth":2.0,
        "satdk":1.2932266055045873e-05,
        "satpsi":0.07670245310550458,
        "slop":0.07762511674770643,
        "smcmax":0.5109336690825689,
        "wltsmc":0.0367404530733945,
        "bb":6.0,
        "D":2.0,
        "mult":1000.0
    },
    "refkdt":3.4869983529724777,
    "max_gw_storage":0.23648532725341745,
    "Cgw":1.7999999999999997e-05,
    "expon":1.0,
    "gw_storage":0.05,
    "soil_storage":0.05,
    "K_lf":0.01,
    "K_nash":0.03,
    "nash_storage":[
        0.0,
        0.0
    ],
    "giuh_ordinates":[
        0.44,
        0.31,
        0.16,
        0.07,
        0.02,
        0.0,
        0.0
    ],
    "stand_alone":1,
    "unit_test":0,
    "compare_results_file":"",
    "partition_scheme":"Schaake",
    "soil_scheme":"ode"
}