{
    "forcing_file":"../data/camels/gauch_etal_2020/nldas_hourly/02479300_hourly_nldas.csv",
    "catchment_area_km2":1144.2,
    "alpha_fc":0.33,
    "soil_params":{
        "depth":2.0,
        "satdk":5.9950942028985515e-06,
        "satpsi":0.14140375629710147,
        "slop":0.14705437660869566,
        "smcmax":0.5118924497391304,
        "wltsmc":0.04706787772463767,
        "bb":6.0,
        "D":2.0,
        "mult":1000.0
    },
    "refkdt":1.0889749860434783,
    "max_gw_storage":0.1961581717676739,
    "Cgw":1.8e-05,
    "expon":1.0,
    "gw_storage":0.05,
    "soil_storage":0.05,
    "K_lf":0.01,
    "K_nash":0.03,
    "nash_storage":[
        0.0,
        0.0
    ],
    "giuh_ordinates":[
        0.46,
        0.28,
        0.15,
        0.07,
        0.03,
        0.01,
        0.0,
        0.0,
        0.0,
        0.0,
        0.0
    ],
    "stand_alone":1,
    "unit_test":0,
    "compare_results_file":"",
    "partition_scheme":"Schaake",
    "soil_scheme":"ode"
}