{
    "forcing_file":"../data/camels/gauch_etal_2020/nldas_hourly/03010655_hourly_nldas.csv",
    "catchment_area_km2":254.44,
    "alpha_fc":0.33,
    "soil_params":{
        "depth":2.0,
        "satdk":1.0170333333333333e-05,
        "satpsi":0.4337334694848485,
        "slop":0.03106968603030303,
        "smcmax":0.49039945221212117,
        "wltsmc":0.06973819663636363,
        "bb":4.0,
        "D":2.0,
        "mult":1000.0
    },
    "refkdt":3.918893026090909,
    "max_gw_storage":0.0727368927,
    "Cgw":1.8e-05,
    "expon":1.0,
    "gw_storage":0.05,
    "soil_storage":0.05,
    "K_lf":0.01,
    "K_nash":0.03,
    "nash_storage":[
        0.0,
        0.0
    ],
    "giuh_ordinates":[
        0.33,
        0.32,
        0.24,
        0.1,
        0.01,
        0.0
    ],
    "stand_alone":1,
    "unit_test":0,
    "compare_results_file":"",
    "partition_scheme":"Schaake",
    "soil_scheme":"ode"
}