{
    "forcing_file":"../data/camels/gauch_etal_2020/nldas_hourly/03463300_hourly_nldas.csv",
    "catchment_area_km2":112.16,
    "alpha_fc":0.33,
    "soil_params":{
        "depth":2.0,
        "satdk":1.10224e-05,
        "satpsi":0.35499998900000007,
        "slop":0.07305284124999999,
        "smcmax":0.4682844770000001,
        "wltsmc":0.06600000000000002,
        "bb":5.0,
        "D":2.0,
        "mult":1000.0
    },
    "refkdt":0.9923130627999999,
    "max_gw_storage":0.17475761413599997,
    "Cgw":1.8e-05,
    "expon":3.0,
    "gw_storage":0.05,
    "soil_storage":0.05,
    "K_lf":0.01,
    "K_nash":0.03,
    "nash_storage":[
        0.0,
        0.0
    ],
    "giuh_ordinates":[
        0.27,
        0.22,
        0.17,
        0.12,
        0.08,
        0.05,
        0.03,
        0.02,
        0.02,
        0.01,
        0.01,
        0.0,
        0.0,
        0.0,
        0.0,
        0.0,
        0.0
    ],
    "stand_alone":1,
    "unit_test":0,
    "compare_results_file":"",
    "partition_scheme":"Schaake",
    "soil_scheme":"ode"
}