{
    "forcing_file":"../data/camels/gauch_etal_2020/nldas_hourly/01170100_hourly_nldas.csv",
    "catchment_area_km2":106.99,
    "alpha_fc":0.33,
    "soil_params":{
        "depth":2.0,
        "satdk":7.4764615384615384e-06,
        "satpsi":0.2293361166923077,
        "slop":0.06697644669230769,
        "smcmax":0.43856283430769233,
        "wltsmc":0.055982985,
        "bb":5.3076923076923075,
        "D":2.0,
        "mult":1000.0
    },
    "refkdt":3.8583657758461536,
    "max_gw_storage":0.09412605285599998,
    "Cgw":1.8e-05,
    "expon":2.0,
    "gw_storage":0.05,
    "soil_storage":0.05,
    "K_lf":0.01,
    "K_nash":0.03,
    "nash_storage":[
        0.0,
        0.0
    ],
    "giuh_ordinates":[
        0.39,
        0.31,
        0.19,
        0.09,
        0.02,
        0.0
    ],
    "stand_alone":1,
    "unit_test":0,
    "compare_results_file":"",
    "partition_scheme":"Schaake",
    "soil_scheme":"ode"
}