{
    "forcing_file":"../data/camels/gauch_etal_2020/nldas_hourly/03140000_hourly_nldas.csv",
    "catchment_area_km2":70.35,
    "alpha_fc":0.33,
    "soil_params":{
        "depth":2.0,
        "satdk":5.246285714285714e-06,
        "satpsi":0.7590000029999999,
        "slop":0.03524505257142857,
        "smcmax":0.5382561868571428,
        "wltsmc":0.083999999,
        "bb":3.0,
        "D":2.0,
        "mult":1000.0
    },
    "refkdt":1.7882122694285714,
    "max_gw_storage":0.013217911720000001,
    "Cgw":1.8e-05,
    "expon":7.0,
    "gw_storage":0.05,
    "soil_storage":0.05,
    "K_lf":0.01,
    "K_nash":0.03,
    "nash_storage":[
        0.0,
        0.0
    ],
    "giuh_ordinates":[
        0.33,
        0.33,
        0.24,
        0.1
    ],
    "stand_alone":1,
    "unit_test":0,
    "compare_results_file":"",
    "partition_scheme":"Schaake",
    "soil_scheme":"ode"
}