{
    "forcing_file":"../data/camels/gauch_etal_2020/nldas_hourly/03015500_hourly_nldas.csv",
    "catchment_area_km2":784.85,
    "alpha_fc":0.33,
    "soil_params":{
        "depth":2.0,
        "satdk":4.325744897959184e-06,
        "satpsi":0.747398266387755,
        "slop":0.018394145785714282,
        "smcmax":0.5368017074387754,
        "wltsmc":0.08360979548979591,
        "bb":4.0,
        "D":2.0,
        "mult":1000.0
    },
    "refkdt":0.5147122674183672,
    "max_gw_storage":0.22739501953099994,
    "Cgw":1.8e-05,
    "expon":4.0,
    "gw_storage":0.05,
    "soil_storage":0.05,
    "K_lf":0.01,
    "K_nash":0.03,
    "nash_storage":[
        0.0,
        0.0
    ],
    "giuh_ordinates":[
        0.41,
        0.31,
        0.19,
        0.07,
        0.02,
        0.0
    ],
    "stand_alone":1,
    "unit_test":0,
    "compare_results_file":"",
    "partition_scheme":"Schaake",
    "soil_scheme":"ode"
}