{
    "forcing_file":"../data/camels/gauch_etal_2020/nldas_hourly/03291780_hourly_nldas.csv",
    "catchment_area_km2":71.41,
    "alpha_fc":0.33,
    "soil_params":{
        "depth":2.0,
        "satdk":5.6721249999999995e-06,
        "satpsi":0.70838983,
        "slop":0.035615688124999996,
        "smcmax":0.45407700362500003,
        "wltsmc":0.09737982325,
        "bb":10.125,
        "D":2.0,
        "mult":1000.0
    },
    "refkdt":0.6982892646250001,
    "max_gw_storage":0.010379548073,
    "Cgw":1.8e-05,
    "expon":7.0,
    "gw_storage":0.05,
    "soil_storage":0.05,
    "K_lf":0.01,
    "K_nash":0.03,
    "nash_storage":[
        0.0,
        0.0
    ],
    "giuh_ordinates":[
        0.41,
        0.4,
        0.16,
        0.03
    ],
    "stand_alone":1,
    "unit_test":0,
    "compare_results_file":"",
    "partition_scheme":"Schaake",
    "soil_scheme":"ode"
}