{
    "forcing_file":"../data/camels/gauch_etal_2020/nldas_hourly/01365000_hourly_nldas.csv",
    "catchment_area_km2":99.57,
    "alpha_fc":0.33,
    "soil_params":{
        "depth":2.0,
        "satdk":5.66825e-06,
        "satpsi":0.5437481545,
        "slop":0.105486755125,
        "smcmax":0.505137433,
        "wltsmc":0.074620566625,
        "bb":3.0,
        "D":2.0,
        "mult":1000.0
    },
    "refkdt":1.538539051375,
    "max_gw_storage":0.11112691497800001,
    "Cgw":1.8e-05,
    "expon":3.0,
    "gw_storage":0.05,
    "soil_storage":0.05,
    "K_lf":0.01,
    "K_nash":0.03,
    "nash_storage":[
        0.0,
        0.0
    ],
    "giuh_ordinates":[
        0.12,
        0.15,
        0.18,
        0.17,
        0.15,
        0.12,
        0.07,
        0.03,
        0.01,
        0.0,
        0.0,
        0.0
    ],
    "stand_alone":1,
    "unit_test":0,
    "compare_results_file":"",
    "partition_scheme":"Schaake",
    "soil_scheme":"ode"
}