{
    "forcing_file":"../data/camels/gauch_etal_2020/nldas_hourly/02102908_hourly_nldas.csv",
    "catchment_area_km2":19.73,
    "alpha_fc":0.33,
    "soil_params":{
        "depth":2.0,
        "satdk":1.3271666666666665e-05,
        "satpsi":0.035999998,
        "slop":0.017275341333333333,
        "smcmax":0.39136851933333333,
        "wltsmc":0.028000001,
        "bb":8.0,
        "D":2.0,
        "mult":1000.0
    },
    "refkdt":2.020681163,
    "max_gw_storage":0.025991437912,
    "Cgw":1.8e-05,
    "expon":6.0,
    "gw_storage":0.05,
    "soil_storage":0.05,
    "K_lf":0.01,
    "K_nash":0.03,
    "nash_storage":[
        0.0,
        0.0
    ],
    "giuh_ordinates":[
        0.43,
        0.31,
        0.2,
        0.06
    ],
    "stand_alone":1,
    "unit_test":0,
    "compare_results_file":"",
    "partition_scheme":"Schaake",
    "soil_scheme":"ode"
}