{
    "forcing_file":"../data/camels/gauch_etal_2020/nldas_hourly/01544500_hourly_nldas.csv",
    "catchment_area_km2":355.06,
    "alpha_fc":0.33,
    "soil_params":{
        "depth":2.0,
        "satdk":7.751413043478261e-06,
        "satpsi":0.5162011807391303,
        "slop":0.01905154917391304,
        "smcmax":0.45333773669565225,
        "wltsmc":0.07417929130434782,
        "bb":4.0,
        "D":2.0,
        "mult":1000.0
    },
    "refkdt":3.489413161499998,
    "max_gw_storage":0.10894742584199993,
    "Cgw":1.8e-05,
    "expon":4.0,
    "gw_storage":0.05,
    "soil_storage":0.05,
    "K_lf":0.01,
    "K_nash":0.03,
    "nash_storage":[
        0.0,
        0.0
    ],
    "giuh_ordinates":[
        0.25,
        0.27,
        0.25,
        0.15,
        0.07,
        0.01
    ],
    "stand_alone":1,
    "unit_test":0,
    "compare_results_file":"",
    "partition_scheme":"Schaake",
    "soil_scheme":"ode"
}