{
    "forcing_file":"../data/camels/gauch_etal_2020/nldas_hourly/01187300_hourly_nldas.csv",
    "catchment_area_km2":53.92,
    "alpha_fc":0.33,
    "soil_params":{
        "depth":2.0,
        "satdk":6.4205e-06,
        "satpsi":0.28792348462500006,
        "slop":0.049827742125000005,
        "smcmax":0.42523502587499995,
        "wltsmc":0.060227388625,
        "bb":5.75,
        "D":2.0,
        "mult":1000.0
    },
    "refkdt":1.229832869,
    "max_gw_storage":0.069640296936,
    "Cgw":1.8e-05,
    "expon":4.0,
    "gw_storage":0.05,
    "soil_storage":0.05,
    "K_lf":0.01,
    "K_nash":0.03,
    "nash_storage":[
        0.0,
        0.0
    ],
    "giuh_ordinates":[
        0.39,
        0.33,
        0.21,
        0.06,
        0.01
    ],
    "stand_alone":1,
    "unit_test":0,
    "compare_results_file":"",
    "partition_scheme":"Schaake",
    "soil_scheme":"ode"
}