{
    "forcing_file":"../data/camels/gauch_etal_2020/nldas_hourly/03338780_hourly_nldas.csv",
    "catchment_area_km2":691.56,
    "alpha_fc":0.33,
    "soil_params":{
        "depth":2.0,
        "satdk":7.1533452380952384e-06,
        "satpsi":0.7026001358095237,
        "slop":0.012615217285714289,
        "smcmax":0.46804467738095246,
        "wltsmc":0.08351086399999999,
        "bb":7.690476190476191,
        "D":2.0,
        "mult":1000.0
    },
    "refkdt":2.5308463978690474,
    "max_gw_storage":0.02349667147219047,
    "Cgw":1.8e-05,
    "expon":5.511904761904762,
    "gw_storage":0.05,
    "soil_storage":0.05,
    "K_lf":0.01,
    "K_nash":0.03,
    "nash_storage":[
        0.0,
        0.0
    ],
    "giuh_ordinates":[
        0.35,
        0.25,
        0.17,
        0.1,
        0.06,
        0.03,
        0.02,
        0.01,
        0.01,
        0.0
    ],
    "stand_alone":1,
    "unit_test":0,
    "compare_results_file":"",
    "partition_scheme":"Schaake",
    "soil_scheme":"ode"
}