{
    "forcing_file":"../data/camels/gauch_etal_2020/nldas_hourly/02372250_hourly_nldas.csv",
    "catchment_area_km2":1145.22,
    "alpha_fc":0.33,
    "soil_params":{
        "depth":2.0,
        "satdk":1.620159493670886e-05,
        "satpsi":0.07218119506962026,
        "slop":0.061223678930379756,
        "smcmax":0.5090040928101267,
        "wltsmc":0.03573210994936709,
        "bb":8.0,
        "D":2.0,
        "mult":1000.0
    },
    "refkdt":3.9163094276518993,
    "max_gw_storage":0.24382744394060124,
    "Cgw":1.8e-05,
    "expon":1.0,
    "gw_storage":0.05,
    "soil_storage":0.05,
    "K_lf":0.01,
    "K_nash":0.03,
    "nash_storage":[
        0.0,
        0.0
    ],
    "giuh_ordinates":[
        0.45,
        0.29,
        0.15,
        0.07,
        0.03,
        0.01,
        0.0,
        0.0
    ],
    "stand_alone":1,
    "unit_test":0,
    "compare_results_file":"",
    "partition_scheme":"Schaake",
    "soil_scheme":"ode"
}