{
    "forcing_file":"../data/camels/gauch_etal_2020/nldas_hourly/02014000_hourly_nldas.csv",
    "catchment_area_km2":396.78,
    "alpha_fc":0.33,
    "soil_params":{
        "depth":2.0,
        "satdk":4.67641304347826e-06,
        "satpsi":0.23708226895652174,
        "slop":0.05915203669565217,
        "smcmax":0.4914436466304348,
        "wltsmc":0.0572494035652174,
        "bb":3.1956521739130435,
        "D":2.0,
        "mult":1000.0
    },
    "refkdt":0.7947924325869569,
    "max_gw_storage":0.15145443725599997,
    "Cgw":1.8e-05,
    "expon":2.0,
    "gw_storage":0.05,
    "soil_storage":0.05,
    "K_lf":0.01,
    "K_nash":0.03,
    "nash_storage":[
        0.0,
        0.0
    ],
    "giuh_ordinates":[
        0.31,
        0.23,
        0.16,
        0.11,
        0.07,
        0.05,
        0.04,
        0.02,
        0.01,
        0.0
    ],
    "stand_alone":1,
    "unit_test":0,
    "compare_results_file":"",
    "partition_scheme":"Schaake",
    "soil_scheme":"ode"
}