{
    "forcing_file":"../data/camels/gauch_etal_2020/nldas_hourly/02149000_hourly_nldas.csv",
    "catchment_area_km2":203.85,
    "alpha_fc":0.33,
    "soil_params":{
        "depth":2.0,
        "satdk":4.2404583333333336e-06,
        "satpsi":0.20334345774999998,
        "slop":0.07765985129166667,
        "smcmax":0.4568498601666667,
        "wltsmc":0.052839894708333335,
        "bb":3.0,
        "D":2.0,
        "mult":1000.0
    },
    "refkdt":2.3298900042083335,
    "max_gw_storage":0.199980484009,
    "Cgw":1.8e-05,
    "expon":1.0,
    "gw_storage":0.05,
    "soil_storage":0.05,
    "K_lf":0.01,
    "K_nash":0.03,
    "nash_storage":[
        0.0,
        0.0
    ],
    "giuh_ordinates":[
        0.36,
        0.27,
        0.15,
        0.09,
        0.06,
        0.04,
        0.02,
        0.01,
        0.0,
        0.0
    ],
    "stand_alone":1,
    "unit_test":0,
    "compare_results_file":"",
    "partition_scheme":"Schaake",
    "soil_scheme":"ode"
}