{
    "forcing_file":"../data/camels/gauch_etal_2020/nldas_hourly/03070500_hourly_nldas.csv",
    "catchment_area_km2":517.38,
    "alpha_fc":0.33,
    "soil_params":{
        "depth":2.0,
        "satdk":3.5469841269841264e-06,
        "satpsi":0.6170457170634919,
        "slop":0.023750152349206348,
        "smcmax":0.4907180883492063,
        "wltsmc":0.0784797707142857,
        "bb":4.0,
        "D":2.0,
        "mult":1000.0
    },
    "refkdt":1.8907757477936504,
    "max_gw_storage":0.15854988098100012,
    "Cgw":1.8e-05,
    "expon":7.0,
    "gw_storage":0.05,
    "soil_storage":0.05,
    "K_lf":0.01,
    "K_nash":0.03,
    "nash_storage":[
        0.0,
        0.0
    ],
    "giuh_ordinates":[
        0.4,
        0.35,
        0.17,
        0.06,
        0.02,
        0.0,
        0.0
    ],
    "stand_alone":1,
    "unit_test":0,
    "compare_results_file":"",
    "partition_scheme":"Schaake",
    "soil_scheme":"ode"
}