{
    "forcing_file":"../data/camels/gauch_etal_2020/nldas_hourly/02299950_hourly_nldas.csv",
    "catchment_area_km2":174.27,
    "alpha_fc":0.33,
    "soil_params":{
        "depth":2.0,
        "satdk":9.412400000000002e-06,
        "satpsi":0.062099998200000006,
        "slop":0.008313524200000002,
        "smcmax":0.32555282010000003,
        "wltsmc":0.0099409946,
        "bb":4.0,
        "D":2.0,
        "mult":1000.0
    },
    "refkdt":3.8326776746,
    "max_gw_storage":0.14201220703100004,
    "Cgw":1.8e-05,
    "expon":1.0,
    "gw_storage":0.05,
    "soil_storage":0.05,
    "K_lf":0.01,
    "K_nash":0.03,
    "nash_storage":[
        0.0,
        0.0
    ],
    "giuh_ordinates":[
        0.44,
        0.27,
        0.15,
        0.07,
        0.04,
        0.01,
        0.0,
        0.01,
        0.01
    ],
    "stand_alone":1,
    "unit_test":0,
    "compare_results_file":"",
    "partition_scheme":"Schaake",
    "soil_scheme":"ode"
}