{
    "forcing_file":"../data/camels/gauch_etal_2020/nldas_hourly/02053200_hourly_nldas.csv",
    "catchment_area_km2":583.66,
    "alpha_fc":0.33,
    "soil_params":{
        "depth":2.0,
        "satdk":1.3077972602739727e-05,
        "satpsi":0.11299700931506852,
        "slop":0.0034526191506849316,
        "smcmax":0.4644810979315069,
        "wltsmc":0.03310292153424658,
        "bb":6.8493150684931505,
        "D":2.0,
        "mult":1000.0
    },
    "refkdt":3.4717353640821917,
    "max_gw_storage":0.017305505752999998,
    "Cgw":1.8e-05,
    "expon":5.0,
    "gw_storage":0.05,
    "soil_storage":0.05,
    "K_lf":0.01,
    "K_nash":0.03,
    "nash_storage":[
        0.0,
        0.0
    ],
    "giuh_ordinates":[
        0.38,
        0.28,
        0.17,
        0.09,
        0.04,
        0.02,
        0.01,
        0.01,
        0.0,
        0.0,
        0.0
    ],
    "stand_alone":1,
    "unit_test":0,
    "compare_results_file":"",
    "partition_scheme":"Schaake",
    "soil_scheme":"ode"
}