{
    "forcing_file":"../data/camels/gauch_etal_2020/nldas_hourly/03439000_hourly_nldas.csv",
    "catchment_area_km2":178.67,
    "alpha_fc":0.33,
    "soil_params":{
        "depth":2.0,
        "satdk":5.473478260869565e-06,
        "satpsi":0.32841473921739134,
        "slop":0.2761274354782609,
        "smcmax":0.48038079278260876,
        "wltsmc":0.06390079917391306,
        "bb":4.086956521739131,
        "D":2.0,
        "mult":1000.0
    },
    "refkdt":3.931724300956521,
    "max_gw_storage":0.2452505035400001,
    "Cgw":1.8e-05,
    "expon":2.0,
    "gw_storage":0.05,
    "soil_storage":0.05,
    "K_lf":0.01,
    "K_nash":0.03,
    "nash_storage":[
        0.0,
        0.0
    ],
    "giuh_ordinates":[
        0.3,
        0.28,
        0.2,
        0.11,
        0.05,
        0.03,
        0.02,
        0.01,
        0.0,
        0.0,
        0.0,
        0.0,
        0.0
    ],
    "stand_alone":1,
    "unit_test":0,
    "compare_results_file":"",
    "partition_scheme":"Schaake",
    "soil_scheme":"ode"
}