{
    "forcing_file":"../data/camels/gauch_etal_2020/nldas_hourly/02074500_hourly_nldas.csv",
    "catchment_area_km2":288.53,
    "alpha_fc":0.33,
    "soil_params":{
        "depth":2.0,
        "satdk":6.3622e-06,
        "satpsi":0.14100000300000004,
        "slop":0.06526044985714284,
        "smcmax":0.46193411488571434,
        "wltsmc":0.046999998,
        "bb":5.0,
        "D":2.0,
        "mult":1000.0
    },
    "refkdt":0.9980168141714287,
    "max_gw_storage":0.21676286080877147,
    "Cgw":1.8e-05,
    "expon":1.0,
    "gw_storage":0.05,
    "soil_storage":0.05,
    "K_lf":0.01,
    "K_nash":0.03,
    "nash_storage":[
        0.0,
        0.0
    ],
    "giuh_ordinates":[
        0.48,
        0.31,
        0.14,
        0.06,
        0.01
    ],
    "stand_alone":1,
    "unit_test":0,
    "compare_results_file":"",
    "partition_scheme":"Schaake",
    "soil_scheme":"ode"
}