{
    "forcing_file":"../data/camels/gauch_etal_2020/nldas_hourly/02371500_hourly_nldas.csv",
    "catchment_area_km2":1292.79,
    "alpha_fc":0.33,
    "soil_params":{
        "depth":2.0,
        "satdk":2.1424938271604937e-06,
        "satpsi":0.09406972609876543,
        "slop":0.3339253298580247,
        "smcmax":0.4241116309320987,
        "wltsmc":0.03938129687654321,
        "bb":6.604938271604938,
        "D":2.0,
        "mult":1000.0
    },
    "refkdt":3.783156988734568,
    "max_gw_storage":0.011951851938203703,
    "Cgw":1.8e-05,
    "expon":7.0,
    "gw_storage":0.05,
    "soil_storage":0.05,
    "K_lf":0.01,
    "K_nash":0.03,
    "nash_storage":[
        0.0,
        0.0
    ],
    "giuh_ordinates":[
        0.46,
        0.28,
        0.15,
        0.07,
        0.03,
        0.01,
        0.0,
        0.0,
        0.0,
        0.0
    ],
    "stand_alone":1,
    "unit_test":0,
    "compare_results_file":"",
    "partition_scheme":"Schaake",
    "soil_scheme":"ode"
}