{
    "forcing_file":"../data/camels/gauch_etal_2020/nldas_hourly/02070000_hourly_nldas.csv",
    "catchment_area_km2":270.61,
    "alpha_fc":0.33,
    "soil_params":{
        "depth":2.0,
        "satdk":1.1574388888888892e-05,
        "satpsi":0.19318088413888893,
        "slop":0.018248389833333337,
        "smcmax":0.4239099585555556,
        "wltsmc":0.051642931805555556,
        "bb":5.083333333333333,
        "D":2.0,
        "mult":1000.0
    },
    "refkdt":0.9464683931111109,
    "max_gw_storage":0.24528023124669446,
    "Cgw":1.8e-05,
    "expon":1.0277777777777777,
    "gw_storage":0.05,
    "soil_storage":0.05,
    "K_lf":0.01,
    "K_nash":0.03,
    "nash_storage":[
        0.0,
        0.0
    ],
    "giuh_ordinates":[
        0.45,
        0.32,
        0.14,
        0.06,
        0.02,
        0.01,
        0.0
    ],
    "stand_alone":1,
    "unit_test":0,
    "compare_results_file":"",
    "partition_scheme":"Schaake",
    "soil_scheme":"ode"
}