{
    "forcing_file":"../data/camels/gauch_etal_2020/nldas_hourly/02469800_hourly_nldas.csv",
    "catchment_area_km2":422.68,
    "alpha_fc":0.33,
    "soil_params":{
        "depth":2.0,
        "satdk":9.399072727272729e-06,
        "satpsi":0.15971320336363642,
        "slop":0.04337290972727273,
        "smcmax":0.49919097592727274,
        "wltsmc":0.04897284383636363,
        "bb":5.0,
        "D":2.0,
        "mult":1000.0
    },
    "refkdt":2.112908820090909,
    "max_gw_storage":0.10773368820072726,
    "Cgw":1.8e-05,
    "expon":1.0,
    "gw_storage":0.05,
    "soil_storage":0.05,
    "K_lf":0.01,
    "K_nash":0.03,
    "nash_storage":[
        0.0,
        0.0
    ],
    "giuh_ordinates":[
        0.44,
        0.27,
        0.16,
        0.08,
        0.04,
        0.01,
        0.0,
        0.0
    ],
    "stand_alone":1,
    "unit_test":0,
    "compare_results_file":"",
    "partition_scheme":"Schaake",
    "soil_scheme":"ode"
}