{
    "forcing_file":"../data/camels/gauch_etal_2020/nldas_hourly/02096846_hourly_nldas.csv",
    "catchment_area_km2":19.57,
    "alpha_fc":0.33,
    "soil_params":{
        "depth":2.0,
        "satdk":2.3079999999999998e-06,
        "satpsi":0.7352095525,
        "slop":0.011827964,
        "smcmax":0.4598132315,
        "wltsmc":0.08391353400000001,
        "bb":6.0,
        "D":2.0,
        "mult":1000.0
    },
    "refkdt":1.9506324965,
    "max_gw_storage":0.066403846741,
    "Cgw":1.8e-05,
    "expon":3.0,
    "gw_storage":0.05,
    "soil_storage":0.05,
    "K_lf":0.01,
    "K_nash":0.03,
    "nash_storage":[
        0.0,
        0.0
    ],
    "giuh_ordinates":[
        0.4,
        0.25,
        0.19,
        0.12,
        0.04
    ],
    "stand_alone":1,
    "unit_test":0,
    "compare_results_file":"",
    "partition_scheme":"Schaake",
    "soil_scheme":"ode"
}