{
    "forcing_file":"../data/camels/gauch_etal_2020/nldas_hourly/01667500_hourly_nldas.csv",
    "catchment_area_km2":1209.75,
    "alpha_fc":0.33,
    "soil_params":{
        "depth":2.0,
        "satdk":3.206958620689655e-06,
        "satpsi":0.46599453822758624,
        "slop":0.12908849144137932,
        "smcmax":0.4936557172689655,
        "wltsmc":0.07399770389655173,
        "bb":4.958620689655173,
        "D":2.0,
        "mult":1000.0
    },
    "refkdt":1.602399939737931,
    "max_gw_storage":0.12728988883294481,
    "Cgw":1.8000000000000004e-05,
    "expon":1.0413793103448277,
    "gw_storage":0.05,
    "soil_storage":0.05,
    "K_lf":0.01,
    "K_nash":0.03,
    "nash_storage":[
        0.0,
        0.0
    ],
    "giuh_ordinates":[
        0.38,
        0.27,
        0.16,
        0.09,
        0.05,
        0.02,
        0.01,
        0.01,
        0.01,
        0.0,
        0.0,
        0.0,
        0.0,
        0.0
    ],
    "stand_alone":1,
    "unit_test":0,
    "compare_results_file":"",
    "partition_scheme":"Schaake",
    "soil_scheme":"ode"
}