{
    "forcing_file":"../data/camels/gauch_etal_2020/nldas_hourly/01669000_hourly_nldas.csv",
    "catchment_area_km2":71.84,
    "alpha_fc":0.33,
    "soil_params":{
        "depth":2.0,
        "satdk":1.774911111111111e-05,
        "satpsi":0.141000003,
        "slop":0.1849389391111111,
        "smcmax":0.48245958166666664,
        "wltsmc":0.046999998,
        "bb":6.888888888888889,
        "D":2.0,
        "mult":1000.0
    },
    "refkdt":3.753388810111111,
    "max_gw_storage":0.11692316436800002,
    "Cgw":1.8e-05,
    "expon":3.0,
    "gw_storage":0.05,
    "soil_storage":0.05,
    "K_lf":0.01,
    "K_nash":0.03,
    "nash_storage":[
        0.0,
        0.0
    ],
    "giuh_ordinates":[
        0.45,
        0.35,
        0.15,
        0.04,
        0.01
    ],
    "stand_alone":1,
    "unit_test":0,
    "compare_results_file":"",
    "partition_scheme":"Schaake",
    "soil_scheme":"ode"
}