{
    "forcing_file":"../data/camels/gauch_etal_2020/nldas_hourly/02140991_hourly_nldas.csv",
    "catchment_area_km2":521.99,
    "alpha_fc":0.33,
    "soil_params":{
        "depth":2.0,
        "satdk":8.971314285714286e-06,
        "satpsi":0.2240723466285714,
        "slop":0.16060968935714284,
        "smcmax":0.5128250851285714,
        "wltsmc":0.05568337207142856,
        "bb":3.4714285714285715,
        "D":2.0,
        "mult":1000.0
    },
    "refkdt":0.18133956465714288,
    "max_gw_storage":0.24769566345199995,
    "Cgw":1.8e-05,
    "expon":1.0,
    "gw_storage":0.05,
    "soil_storage":0.05,
    "K_lf":0.01,
    "K_nash":0.03,
    "nash_storage":[
        0.0,
        0.0
    ],
    "giuh_ordinates":[
        0.33,
        0.29,
        0.19,
        0.1,
        0.05,
        0.03,
        0.01,
        0.0,
        0.0,
        0.0,
        0.0
    ],
    "stand_alone":1,
    "unit_test":0,
    "compare_results_file":"",
    "partition_scheme":"Schaake",
    "soil_scheme":"ode"
}