{
    "forcing_file":"../data/camels/gauch_etal_2020/nldas_hourly/01606500_hourly_nldas.csv",
    "catchment_area_km2":1684.55,
    "alpha_fc":0.33,
    "soil_params":{
        "depth":2.0,
        "satdk":5.310256038647343e-06,
        "satpsi":0.4445516549130435,
        "slop":0.06734847037681159,
        "smcmax":0.49398956245893716,
        "wltsmc":0.07012803303864734,
        "bb":3.7246376811594204,
        "D":2.0,
        "mult":1000.0
    },
    "refkdt":1.258397943405797,
    "max_gw_storage":0.08627403179876329,
    "Cgw":1.8e-05,
    "expon":4.4396135265700485,
    "gw_storage":0.05,
    "soil_storage":0.05,
    "K_lf":0.01,
    "K_nash":0.03,
    "nash_storage":[
        0.0,
        0.0
    ],
    "giuh_ordinates":[
        0.22,
        0.22,
        0.19,
        0.14,
        0.09,
        0.06,
        0.04,
        0.02,
        0.01,
        0.01,
        0.0,
        0.0
    ],
    "stand_alone":1,
    "unit_test":0,
    "compare_results_file":"",
    "partition_scheme":"Schaake",
    "soil_scheme":"ode"
}