{
    "forcing_file":"../data/camels/gauch_etal_2020/nldas_hourly/04105700_hourly_nldas.csv",
    "catchment_area_km2":98.04,
    "alpha_fc":0.33,
    "soil_params":{
        "depth":2.0,
        "satdk":4.23075e-06,
        "satpsi":0.15186709725,
        "slop":0.838196763,
        "smcmax":0.436301599,
        "wltsmc":0.04771565175,
        "bb":3.0,
        "D":2.0,
        "mult":1000.0
    },
    "refkdt":3.92757816975,
    "max_gw_storage":0.24280734252900002,
    "Cgw":1.8e-05,
    "expon":1.0,
    "gw_storage":0.05,
    "soil_storage":0.05,
    "K_lf":0.01,
    "K_nash":0.03,
    "nash_storage":[
        0.0,
        0.0
    ],
    "giuh_ordinates":[
        0.31,
        0.25,
        0.18,
        0.12,
        0.08,
        0.03,
        0.02,
        0.01
    ],
    "stand_alone":1,
    "unit_test":0,
    "compare_results_file":"",
    "partition_scheme":"Schaake",
    "soil_scheme":"ode"
}