{
    "forcing_file":"../data/camels/gauch_etal_2020/nldas_hourly/01169000_hourly_nldas.csv",
    "catchment_area_km2":230.64,
    "alpha_fc":0.33,
    "soil_params":{
        "depth":2.0,
        "satdk":3.1552333333333333e-06,
        "satpsi":0.2607885991666667,
        "slop":0.07668822676666666,
        "smcmax":0.42143015473333334,
        "wltsmc":0.05829604506666666,
        "bb":4.633333333333334,
        "D":2.0,
        "mult":1000.0
    },
    "refkdt":3.1058489231333337,
    "max_gw_storage":0.036326988219999995,
    "Cgw":1.8e-05,
    "expon":3.0,
    "gw_storage":0.05,
    "soil_storage":0.05,
    "K_lf":0.01,
    "K_nash":0.03,
    "nash_storage":[
        0.0,
        0.0
    ],
    "giuh_ordinates":[
        0.31,
        0.29,
        0.21,
        0.12,
        0.06,
        0.01,
        0.0
    ],
    "stand_alone":1,
    "unit_test":0,
    "compare_results_file":"",
    "partition_scheme":"Schaake",
    "soil_scheme":"ode"
}