{
    "forcing_file":"../data/camels/gauch_etal_2020/nldas_hourly/01669520_hourly_nldas.csv",
    "catchment_area_km2":277.39,
    "alpha_fc":0.33,
    "soil_params":{
        "depth":2.0,
        "satdk":9.765162162162166e-06,
        "satpsi":0.15428013551351355,
        "slop":0.24284590667567557,
        "smcmax":0.49854229659459454,
        "wltsmc":0.05044748521621621,
        "bb":6.0,
        "D":2.0,
        "mult":1000.0
    },
    "refkdt":3.9144228128648644,
    "max_gw_storage":0.010199473381000005,
    "Cgw":1.8e-05,
    "expon":7.0,
    "gw_storage":0.05,
    "soil_storage":0.05,
    "K_lf":0.01,
    "K_nash":0.03,
    "nash_storage":[
        0.0,
        0.0
    ],
    "giuh_ordinates":[
        0.45,
        0.31,
        0.15,
        0.06,
        0.02,
        0.01
    ],
    "stand_alone":1,
    "unit_test":0,
    "compare_results_file":"",
    "partition_scheme":"Schaake",
    "soil_scheme":"ode"
}