{
    "forcing_file":"../data/camels/gauch_etal_2020/nldas_hourly/04216418_hourly_nldas.csv",
    "catchment_area_km2":196.47,
    "alpha_fc":0.33,
    "soil_params":{
        "depth":2.0,
        "satdk":5.72876923076923e-06,
        "satpsi":0.6732503380000001,
        "slop":0.015364371807692309,
        "smcmax":0.4467334784230769,
        "wltsmc":0.08085569976923077,
        "bb":7.846153846153846,
        "D":2.0,
        "mult":1000.0
    },
    "refkdt":0.7053605373846155,
    "max_gw_storage":0.15981842041,
    "Cgw":1.8e-05,
    "expon":3.0,
    "gw_storage":0.05,
    "soil_storage":0.05,
    "K_lf":0.01,
    "K_nash":0.03,
    "nash_storage":[
        0.0,
        0.0
    ],
    "giuh_ordinates":[
        0.4,
        0.28,
        0.18,
        0.09,
        0.04,
        0.01
    ],
    "stand_alone":1,
    "unit_test":0,
    "compare_results_file":"",
    "partition_scheme":"Schaake",
    "soil_scheme":"ode"
}