{
    "forcing_file":"../data/camels/gauch_etal_2020/nldas_hourly/02027000_hourly_nldas.csv",
    "catchment_area_km2":240.77,
    "alpha_fc":0.33,
    "soil_params":{
        "depth":2.0,
        "satdk":1.7051233333333334e-05,
        "satpsi":0.47982478013333346,
        "slop":0.07630847990000002,
        "smcmax":0.4813920111333333,
        "wltsmc":0.07192975513333333,
        "bb":5.0,
        "D":2.0,
        "mult":1000.0
    },
    "refkdt":1.0845239801,
    "max_gw_storage":0.14858460673229998,
    "Cgw":1.8e-05,
    "expon":3.0,
    "gw_storage":0.05,
    "soil_storage":0.05,
    "K_lf":0.01,
    "K_nash":0.03,
    "nash_storage":[
        0.0,
        0.0
    ],
    "giuh_ordinates":[
        0.29,
        0.23,
        0.16,
        0.11,
        0.08,
        0.05,
        0.04,
        0.02,
        0.01,
        0.01,
        0.0,
        0.0,
        0.0,
        0.0,
        0.0
    ],
    "stand_alone":1,
    "unit_test":0,
    "compare_results_file":"",
    "partition_scheme":"Schaake",
    "soil_scheme":"ode"
}