{
    "forcing_file":"../data/camels/gauch_etal_2020/nldas_hourly/02046000_hourly_nldas.csv",
    "catchment_area_km2":288.52,
    "alpha_fc":0.33,
    "soil_params":{
        "depth":2.0,
        "satdk":1.814168571428572e-05,
        "satpsi":0.1972096338857143,
        "slop":0.012920505942857142,
        "smcmax":0.4337155980285714,
        "wltsmc":0.052636357114285715,
        "bb":8.0,
        "D":2.0,
        "mult":1000.0
    },
    "refkdt":3.9640927838571427,
    "max_gw_storage":0.046324375152999996,
    "Cgw":1.8e-05,
    "expon":3.0,
    "gw_storage":0.05,
    "soil_storage":0.05,
    "K_lf":0.01,
    "K_nash":0.03,
    "nash_storage":[
        0.0,
        0.0
    ],
    "giuh_ordinates":[
        0.48,
        0.3,
        0.14,
        0.06,
        0.02,
        0.0,
        0.0
    ],
    "stand_alone":1,
    "unit_test":0,
    "compare_results_file":"",
    "partition_scheme":"Schaake",
    "soil_scheme":"ode"
}