{
    "forcing_file":"../data/camels/gauch_etal_2020/nldas_hourly/03285000_hourly_nldas.csv",
    "catchment_area_km2":822.34,
    "alpha_fc":0.33,
    "soil_params":{
        "depth":2.0,
        "satdk":2.6748681318681314e-06,
        "satpsi":0.7167836752967032,
        "slop":0.006175163703296705,
        "smcmax":0.4535251063516483,
        "wltsmc":0.08359488883516485,
        "bb":4.0,
        "D":2.0,
        "mult":1000.0
    },
    "refkdt":1.205363984901099,
    "max_gw_storage":0.01824704551700001,
    "Cgw":1.8e-05,
    "expon":7.0,
    "gw_storage":0.05,
    "soil_storage":0.05,
    "K_lf":0.01,
    "K_nash":0.03,
    "nash_storage":[
        0.0,
        0.0
    ],
    "giuh_ordinates":[
        0.39,
        0.3,
        0.18,
        0.09,
        0.03,
        0.01,
        0.0
    ],
    "stand_alone":1,
    "unit_test":0,
    "compare_results_file":"",
    "partition_scheme":"Schaake",
    "soil_scheme":"ode"
}