{
    "forcing_file":"../data/camels/gauch_etal_2020/nldas_hourly/01550000_hourly_nldas.csv",
    "catchment_area_km2":452.68,
    "alpha_fc":0.33,
    "soil_params":{
        "depth":2.0,
        "satdk":6.144178571428571e-06,
        "satpsi":0.6177043492678571,
        "slop":0.06972891798214285,
        "smcmax":0.48286276830357144,
        "wltsmc":0.07841344825,
        "bb":5.0,
        "D":2.0,
        "mult":1000.0
    },
    "refkdt":0.7870895699107143,
    "max_gw_storage":0.086603637695,
    "Cgw":1.8e-05,
    "expon":4.0,
    "gw_storage":0.05,
    "soil_storage":0.05,
    "K_lf":0.01,
    "K_nash":0.03,
    "nash_storage":[
        0.0,
        0.0
    ],
    "giuh_ordinates":[
        0.28,
        0.25,
        0.2,
        0.13,
        0.08,
        0.04,
        0.02,
        0.0
    ],
    "stand_alone":1,
    "unit_test":0,
    "compare_results_file":"",
    "partition_scheme":"Schaake",
    "soil_scheme":"ode"
}