{
    "forcing_file":"../data/camels/gauch_etal_2020/nldas_hourly/02065500_hourly_nldas.csv",
    "catchment_area_km2":252.58,
    "alpha_fc":0.33,
    "soil_params":{
        "depth":2.0,
        "satdk":4.738212121212122e-06,
        "satpsi":0.21171570421212121,
        "slop":0.39024449484848484,
        "smcmax":0.4891674173636364,
        "wltsmc":0.05396993284848485,
        "bb":6.0,
        "D":2.0,
        "mult":1000.0
    },
    "refkdt":1.9877618684242426,
    "max_gw_storage":0.119931297302,
    "Cgw":1.8e-05,
    "expon":1.0,
    "gw_storage":0.05,
    "soil_storage":0.05,
    "K_lf":0.01,
    "K_nash":0.03,
    "nash_storage":[
        0.0,
        0.0
    ],
    "giuh_ordinates":[
        0.52,
        0.31,
        0.12,
        0.04,
        0.01,
        0.0
    ],
    "stand_alone":1,
    "unit_test":0,
    "compare_results_file":"",
    "partition_scheme":"Schaake",
    "soil_scheme":"ode"
}