{
    "forcing_file":"../data/camels/gauch_etal_2020/nldas_hourly/01518862_hourly_nldas.csv",
    "catchment_area_km2":233.91,
    "alpha_fc":0.33,
    "soil_params":{
        "depth":2.0,
        "satdk":8.893307692307693e-06,
        "satpsi":0.5704672326923077,
        "slop":0.02119304796153846,
        "smcmax":0.5145004954615385,
        "wltsmc":0.07631477496153846,
        "bb":4.0,
        "D":2.0,
        "mult":1000.0
    },
    "refkdt":0.8201426050769232,
    "max_gw_storage":0.096123428345,
    "Cgw":1.8e-05,
    "expon":4.0,
    "gw_storage":0.05,
    "soil_storage":0.05,
    "K_lf":0.01,
    "K_nash":0.03,
    "nash_storage":[
        0.0,
        0.0
    ],
    "giuh_ordinates":[
        0.35,
        0.31,
        0.21,
        0.1,
        0.03
    ],
    "stand_alone":1,
    "unit_test":0,
    "compare_results_file":"",
    "partition_scheme":"Schaake",
    "soil_scheme":"ode"
}