{
    "forcing_file":"../data/camels/gauch_etal_2020/nldas_hourly/03173000_hourly_nldas.csv",
    "catchment_area_km2":773.32,
    "alpha_fc":0.33,
    "soil_params":{
        "depth":2.0,
        "satdk":1.4186034482758624e-05,
        "satpsi":0.5292257113333332,
        "slop":0.02509368111494253,
        "smcmax":0.46440666018390797,
        "wltsmc":0.07431064525287358,
        "bb":6.954022988505747,
        "D":2.0,
        "mult":1000.0
    },
    "refkdt":0.3784126401839081,
    "max_gw_storage":0.18442610168499998,
    "Cgw":1.8e-05,
    "expon":1.0,
    "gw_storage":0.05,
    "soil_storage":0.05,
    "K_lf":0.01,
    "K_nash":0.03,
    "nash_storage":[
        0.0,
        0.0
    ],
    "giuh_ordinates":[
        0.32,
        0.28,
        0.18,
        0.1,
        0.06,
        0.03,
        0.02,
        0.01,
        0.0
    ],
    "stand_alone":1,
    "unit_test":0,
    "compare_results_file":"",
    "partition_scheme":"Schaake",
    "soil_scheme":"ode"
}