{
    "forcing_file":"../data/camels/gauch_etal_2020/nldas_hourly/01516500_hourly_nldas.csv",
    "catchment_area_km2":31.48,
    "alpha_fc":0.33,
    "soil_params":{
        "depth":2.0,
        "satdk":3.1678000000000004e-06,
        "satpsi":0.759000003,
        "slop":0.08722634640000002,
        "smcmax":0.46214493819999997,
        "wltsmc":0.083999999,
        "bb":6.0,
        "D":2.0,
        "mult":1000.0
    },
    "refkdt":1.940884161,
    "max_gw_storage":0.010078808784,
    "Cgw":1.8e-05,
    "expon":7.0,
    "gw_storage":0.05,
    "soil_storage":0.05,
    "K_lf":0.01,
    "K_nash":0.03,
    "nash_storage":[
        0.0,
        0.0
    ],
    "giuh_ordinates":[
        0.38,
        0.27,
        0.18,
        0.11,
        0.04,
        0.02
    ],
    "stand_alone":1,
    "unit_test":0,
    "compare_results_file":"",
    "partition_scheme":"Schaake",
    "soil_scheme":"ode"
}