{
    "forcing_file":"../data/camels/gauch_etal_2020/nldas_hourly/01567500_hourly_nldas.csv",
    "catchment_area_km2":38.77,
    "alpha_fc":0.33,
    "soil_params":{
        "depth":2.0,
        "satdk":3.88025e-06,
        "satpsi":0.6291128235,
        "slop":0.03298954475,
        "smcmax":0.41188965125,
        "wltsmc":0.07903107625,
        "bb":7.0,
        "D":2.0,
        "mult":1000.0
    },
    "refkdt":3.6465787277499997,
    "max_gw_storage":0.110878700256,
    "Cgw":1.8e-05,
    "expon":1.0,
    "gw_storage":0.05,
    "soil_storage":0.05,
    "K_lf":0.01,
    "K_nash":0.03,
    "nash_storage":[
        0.0,
        0.0
    ],
    "giuh_ordinates":[
        0.37,
        0.27,
        0.18,
        0.1,
        0.04,
        0.02,
        0.02
    ],
    "stand_alone":1,
    "unit_test":0,
    "compare_results_file":"",
    "partition_scheme":"Schaake",
    "soil_scheme":"ode"
}