{
    "forcing_file":"../data/camels/gauch_etal_2020/nldas_hourly/02077200_hourly_nldas.csv",
    "catchment_area_km2":121.69,
    "alpha_fc":0.33,
    "soil_params":{
        "depth":2.0,
        "satdk":3.9134461538461544e-05,
        "satpsi":0.14413140115384618,
        "slop":0.003229530461538462,
        "smcmax":0.45447428192307693,
        "wltsmc":0.047382915615384616,
        "bb":8.0,
        "D":2.0,
        "mult":1000.0
    },
    "refkdt":3.3531993329230767,
    "max_gw_storage":0.06592609893730769,
    "Cgw":1.8e-05,
    "expon":1.0,
    "gw_storage":0.05,
    "soil_storage":0.05,
    "K_lf":0.01,
    "K_nash":0.03,
    "nash_storage":[
        0.0,
        0.0
    ],
    "giuh_ordinates":[
        0.49,
        0.31,
        0.15,
        0.04,
        0.01
    ],
    "stand_alone":1,
    "unit_test":0,
    "compare_results_file":"",
    "partition_scheme":"Schaake",
    "soil_scheme":"ode"
}