{
    "forcing_file":"../data/camels/gauch_etal_2020/nldas_hourly/03050000_hourly_nldas.csv",
    "catchment_area_km2":487.29,
    "alpha_fc":0.33,
    "soil_params":{
        "depth":2.0,
        "satdk":7.045476190476191e-06,
        "satpsi":0.7581184420317457,
        "slop":0.006839223936507936,
        "smcmax":0.49281132749206336,
        "wltsmc":0.0839706684285715,
        "bb":5.0,
        "D":2.0,
        "mult":1000.0
    },
    "refkdt":0.576475705904762,
    "max_gw_storage":0.1270716462931587,
    "Cgw":1.8e-05,
    "expon":1.0,
    "gw_storage":0.05,
    "soil_storage":0.05,
    "K_lf":0.01,
    "K_nash":0.03,
    "nash_storage":[
        0.0,
        0.0
    ],
    "giuh_ordinates":[
        0.28,
        0.26,
        0.22,
        0.13,
        0.06,
        0.03,
        0.01,
        0.01,
        0.0
    ],
    "stand_alone":1,
    "unit_test":0,
    "compare_results_file":"",
    "partition_scheme":"Schaake",
    "soil_scheme":"ode"
}