{
    "forcing_file":"../data/camels/gauch_etal_2020/nldas_hourly/01414500_hourly_nldas.csv",
    "catchment_area_km2":64.45,
    "alpha_fc":0.33,
    "soil_params":{
        "depth":2.0,
        "satdk":3.3225e-06,
        "satpsi":0.5504438269999999,
        "slop":0.09234953,
        "smcmax":0.4671769405,
        "wltsmc":0.07698147450000001,
        "bb":3.0,
        "D":2.0,
        "mult":1000.0
    },
    "refkdt":2.033333592,
    "max_gw_storage":0.016798154831,
    "Cgw":1.8e-05,
    "expon":1.0,
    "gw_storage":0.05,
    "soil_storage":0.05,
    "K_lf":0.01,
    "K_nash":0.03,
    "nash_storage":[
        0.0,
        0.0
    ],
    "giuh_ordinates":[
        0.15,
        0.16,
        0.17,
        0.17,
        0.14,
        0.1,
        0.06,
        0.04,
        0.01
    ],
    "stand_alone":1,
    "unit_test":0,
    "compare_results_file":"",
    "partition_scheme":"Schaake",
    "soil_scheme":"ode"
}