{
    "forcing_file":"../data/camels/gauch_etal_2020/nldas_hourly/01123000_hourly_nldas.csv",
    "catchment_area_km2":77.85,
    "alpha_fc":0.33,
    "soil_params":{
        "depth":2.0,
        "satdk":2.6413000000000003e-05,
        "satpsi":0.141000003,
        "slop":0.07181765150000001,
        "smcmax":0.5104727471666667,
        "wltsmc":0.046999997999999994,
        "bb":4.0,
        "D":2.0,
        "mult":1000.0
    },
    "refkdt":2.931543283,
    "max_gw_storage":0.23410710144000002,
    "Cgw":1.8e-05,
    "expon":3.0,
    "gw_storage":0.05,
    "soil_storage":0.05,
    "K_lf":0.01,
    "K_nash":0.03,
    "nash_storage":[
        0.0,
        0.0
    ],
    "giuh_ordinates":[
        0.33,
        0.31,
        0.21,
        0.1,
        0.05
    ],
    "stand_alone":1,
    "unit_test":0,
    "compare_results_file":"",
    "partition_scheme":"Schaake",
    "soil_scheme":"ode"
}