{
    "forcing_file":"../data/camels/gauch_etal_2020/nldas_hourly/01634500_hourly_nldas.csv",
    "catchment_area_km2":263.98,
    "alpha_fc":0.33,
    "soil_params":{
        "depth":2.0,
        "satdk":2.417205882352941e-06,
        "satpsi":0.44411363414705884,
        "slop":0.04846620588235294,
        "smcmax":0.4339995775,
        "wltsmc":0.06828986,
        "bb":5.676470588235294,
        "D":2.0,
        "mult":1000.0
    },
    "refkdt":1.5142314195882352,
    "max_gw_storage":0.09386089325000001,
    "Cgw":1.8e-05,
    "expon":2.0,
    "gw_storage":0.05,
    "soil_storage":0.05,
    "K_lf":0.01,
    "K_nash":0.03,
    "nash_storage":[
        0.0,
        0.0
    ],
    "giuh_ordinates":[
        0.33,
        0.26,
        0.17,
        0.11,
        0.06,
        0.04,
        0.02,
        0.01,
        0.0,
        0.0
    ],
    "stand_alone":1,
    "unit_test":0,
    "compare_results_file":"",
    "partition_scheme":"Schaake",
    "soil_scheme":"ode"
}