{
    "forcing_file":"../data/camels/gauch_etal_2020/nldas_hourly/04074950_hourly_nldas.csv",
    "catchment_area_km2":1205.53,
    "alpha_fc":0.33,
    "soil_params":{
        "depth":2.0,
        "satdk":1.5076147540983606e-05,
        "satpsi":0.17782806773770496,
        "slop":0.022474556500000006,
        "smcmax":0.5249762959262295,
        "wltsmc":0.05051530531147541,
        "bb":5.032786885245901,
        "D":2.0,
        "mult":1000.0
    },
    "refkdt":2.5270848344262298,
    "max_gw_storage":0.2405258090904098,
    "Cgw":1.7999999999999997e-05,
    "expon":1.0,
    "gw_storage":0.05,
    "soil_storage":0.05,
    "K_lf":0.01,
    "K_nash":0.03,
    "nash_storage":[
        0.0,
        0.0
    ],
    "giuh_ordinates":[
        0.29,
        0.24,
        0.18,
        0.13,
        0.08,
        0.04,
        0.02,
        0.01,
        0.01,
        0.0
    ],
    "stand_alone":1,
    "unit_test":0,
    "compare_results_file":"",
    "partition_scheme":"Schaake",
    "soil_scheme":"ode"
}