{
    "forcing_file":"../data/camels/gauch_etal_2020/nldas_hourly/02363000_hourly_nldas.csv",
    "catchment_area_km2":1292.51,
    "alpha_fc":0.33,
    "soil_params":{
        "depth":2.0,
        "satdk":1.0443198630136988e-05,
        "satpsi":0.09031932114383563,
        "slop":0.03014009715753424,
        "smcmax":0.478766833239726,
        "wltsmc":0.03875794470547945,
        "bb":7.568493150684931,
        "D":2.0,
        "mult":1000.0
    },
    "refkdt":3.9143128450205484,
    "max_gw_storage":0.20141907730376712,
    "Cgw":1.8e-05,
    "expon":3.0,
    "gw_storage":0.05,
    "soil_storage":0.05,
    "K_lf":0.01,
    "K_nash":0.03,
    "nash_storage":[
        0.0,
        0.0
    ],
    "giuh_ordinates":[
        0.43,
        0.29,
        0.16,
        0.08,
        0.03,
        0.01,
        0.0
    ],
    "stand_alone":1,
    "unit_test":0,
    "compare_results_file":"",
    "partition_scheme":"Schaake",
    "soil_scheme":"ode"
}