{
    "forcing_file":"../data/camels/gauch_etal_2020/nldas_hourly/02028500_hourly_nldas.csv",
    "catchment_area_km2":245.45,
    "alpha_fc":0.33,
    "soil_params":{
        "depth":2.0,
        "satdk":8.19176e-06,
        "satpsi":0.47688611820000004,
        "slop":0.0180929476,
        "smcmax":0.45469023792,
        "wltsmc":0.07241295488,
        "bb":3.0,
        "D":2.0,
        "mult":1000.0
    },
    "refkdt":0.28288208716,
    "max_gw_storage":0.191888366699,
    "Cgw":1.8e-05,
    "expon":6.0,
    "gw_storage":0.05,
    "soil_storage":0.05,
    "K_lf":0.01,
    "K_nash":0.03,
    "nash_storage":[
        0.0,
        0.0
    ],
    "giuh_ordinates":[
        0.34,
        0.24,
        0.16,
        0.1,
        0.06,
        0.04,
        0.02,
        0.02,
        0.01,
        0.01,
        0.0,
        0.0,
        0.0,
        0.0
    ],
    "stand_alone":1,
    "unit_test":0,
    "compare_results_file":"",
    "partition_scheme":"Schaake",
    "soil_scheme":"ode"
}