{
    "forcing_file":"../data/camels/gauch_etal_2020/nldas_hourly/03384450_hourly_nldas.csv",
    "catchment_area_km2":111.13,
    "alpha_fc":0.33,
    "soil_params":{
        "depth":2.0,
        "satdk":9.076666666666668e-07,
        "satpsi":0.7590000030000001,
        "slop":0.0029178191333333334,
        "smcmax":0.44783957099999994,
        "wltsmc":0.083999999,
        "bb":3.0,
        "D":2.0,
        "mult":1000.0
    },
    "refkdt":2.012547039866667,
    "max_gw_storage":0.120517608643,
    "Cgw":1.8e-05,
    "expon":4.0,
    "gw_storage":0.05,
    "soil_storage":0.05,
    "K_lf":0.01,
    "K_nash":0.03,
    "nash_storage":[
        0.0,
        0.0
    ],
    "giuh_ordinates":[
        0.42,
        0.35,
        0.16,
        0.06,
        0.01
    ],
    "stand_alone":1,
    "unit_test":0,
    "compare_results_file":"",
    "partition_scheme":"Schaake",
    "soil_scheme":"ode"
}