{
    "forcing_file":"../data/camels/gauch_etal_2020/nldas_hourly/02298123_hourly_nldas.csv",
    "catchment_area_km2":540.65,
    "alpha_fc":0.33,
    "soil_params":{
        "depth":2.0,
        "satdk":1.5821347826086956e-05,
        "satpsi":0.07388948860869564,
        "slop":0.008365377456521739,
        "smcmax":0.3267779662391304,
        "wltsmc":0.011755936173913044,
        "bb":5.086956521739131,
        "D":2.0,
        "mult":1000.0
    },
    "refkdt":0.47103291171739137,
    "max_gw_storage":0.015416365622999997,
    "Cgw":1.8e-05,
    "expon":7.0,
    "gw_storage":0.05,
    "soil_storage":0.05,
    "K_lf":0.01,
    "K_nash":0.03,
    "nash_storage":[
        0.0,
        0.0
    ],
    "giuh_ordinates":[
        0.13,
        0.11,
        0.09,
        0.08,
        0.07,
        0.05,
        0.05,
        0.04,
        0.04,
        0.03,
        0.03,
        0.03,
        0.03,
        0.02,
        0.02,
        0.02,
        0.02,
        0.02,
        0.02,
        0.01,
        0.01,
        0.01,
        0.01,
        0.01,
        0.01,
        0.01,
        0.01,
        0.01,
        0.01,
        0.0,
        0.0,
        0.0,
        0.0,
        0.0,
        0.0,
        0.0,
        0.0
    ],
    "stand_alone":1,
    "unit_test":0,
    "compare_results_file":"",
    "partition_scheme":"Schaake",
    "soil_scheme":"ode"
}