{
    "forcing_file":"../data/camels/gauch_etal_2020/nldas_hourly/01532000_hourly_nldas.csv",
    "catchment_area_km2":553.94,
    "alpha_fc":0.33,
    "soil_params":{
        "depth":2.0,
        "satdk":3.2139066666666667e-06,
        "satpsi":0.7587290524666663,
        "slop":0.013154504426666665,
        "smcmax":0.41269181807999994,
        "wltsmc":0.08399961617333336,
        "bb":9.0,
        "D":2.0,
        "mult":1000.0
    },
    "refkdt":3.7456366053066654,
    "max_gw_storage":0.11227199554400004,
    "Cgw":1.8e-05,
    "expon":7.0,
    "gw_storage":0.05,
    "soil_storage":0.05,
    "K_lf":0.01,
    "K_nash":0.03,
    "nash_storage":[
        0.0,
        0.0
    ],
    "giuh_ordinates":[
        0.37,
        0.28,
        0.17,
        0.09,
        0.05,
        0.03,
        0.01,
        0.0
    ],
    "stand_alone":1,
    "unit_test":0,
    "compare_results_file":"",
    "partition_scheme":"Schaake",
    "soil_scheme":"ode"
}