{
    "forcing_file":"../data/camels/gauch_etal_2020/nldas_hourly/04027000_hourly_nldas.csv",
    "catchment_area_km2":1619.85,
    "alpha_fc":0.33,
    "soil_params":{
        "depth":2.0,
        "satdk":2.5031421319796955e-06,
        "satpsi":0.15686543237055836,
        "slop":0.030301182071065986,
        "smcmax":0.46193363289847705,
        "wltsmc":0.04670663836040609,
        "bb":3.203045685279188,
        "D":2.0,
        "mult":1000.0
    },
    "refkdt":1.7767933431928935,
    "max_gw_storage":0.1471102186058426,
    "Cgw":1.8000000000000004e-05,
    "expon":4.0,
    "gw_storage":0.05,
    "soil_storage":0.05,
    "K_lf":0.01,
    "K_nash":0.03,
    "nash_storage":[
        0.0,
        0.0
    ],
    "giuh_ordinates":[
        0.44,
        0.27,
        0.16,
        0.08,
        0.04,
        0.01,
        0.0,
        0.0,
        0.0,
        0.0,
        0.0
    ],
    "stand_alone":1,
    "unit_test":0,
    "compare_results_file":"",
    "partition_scheme":"Schaake",
    "soil_scheme":"ode"
}