{
    "forcing_file":"../data/camels/gauch_etal_2020/nldas_hourly/01552500_hourly_nldas.csv",
    "catchment_area_km2":60.64,
    "alpha_fc":0.33,
    "soil_params":{
        "depth":2.0,
        "satdk":3.2386666666666666e-06,
        "satpsi":0.759000003,
        "slop":0.46016614511111115,
        "smcmax":0.5362807938888889,
        "wltsmc":0.083999999,
        "bb":7.0,
        "D":2.0,
        "mult":1000.0
    },
    "refkdt":3.6771608285555555,
    "max_gw_storage":0.211677627563,
    "Cgw":1.8e-05,
    "expon":4.0,
    "gw_storage":0.05,
    "soil_storage":0.05,
    "K_lf":0.01,
    "K_nash":0.03,
    "nash_storage":[
        0.0,
        0.0
    ],
    "giuh_ordinates":[
        0.28,
        0.32,
        0.24,
        0.1,
        0.04,
        0.01,
        0.01
    ],
    "stand_alone":1,
    "unit_test":0,
    "compare_results_file":"",
    "partition_scheme":"Schaake",
    "soil_scheme":"ode"
}