{
    "forcing_file":"../data/camels/gauch_etal_2020/nldas_hourly/01057000_hourly_nldas.csv",
    "catchment_area_km2":190.92,
    "alpha_fc":0.33,
    "soil_params":{
        "depth":2.0,
        "satdk":2.640494117647059e-05,
        "satpsi":0.1277450264117647,
        "slop":0.05283824847058823,
        "smcmax":0.48218002958823536,
        "wltsmc":0.04548440505882353,
        "bb":5.0,
        "D":2.0,
        "mult":1000.0
    },
    "refkdt":2.786277495352941,
    "max_gw_storage":0.159687973022,
    "Cgw":1.8e-05,
    "expon":3.0,
    "gw_storage":0.05,
    "soil_storage":0.05,
    "K_lf":0.01,
    "K_nash":0.03,
    "nash_storage":[
        0.0,
        0.0
    ],
    "giuh_ordinates":[
        0.31,
        0.26,
        0.21,
        0.13,
        0.06,
        0.02,
        0.01,
        0.0,
        0.0
    ],
    "stand_alone":1,
    "unit_test":0,
    "compare_results_file":"",
    "partition_scheme":"Schaake",
    "soil_scheme":"ode"
}