{
    "forcing_file":"../data/camels/gauch_etal_2020/nldas_hourly/02415000_hourly_nldas.csv",
    "catchment_area_km2":491.38,
    "alpha_fc":0.33,
    "soil_params":{
        "depth":2.0,
        "satdk":7.908701492537313e-06,
        "satpsi":0.24534890102985069,
        "slop":0.02424735179104478,
        "smcmax":0.4554570348656717,
        "wltsmc":0.06606060435820894,
        "bb":4.880597014925373,
        "D":2.0,
        "mult":1000.0
    },
    "refkdt":1.259131203522388,
    "max_gw_storage":0.198226348877,
    "Cgw":1.8e-05,
    "expon":5.0,
    "gw_storage":0.05,
    "soil_storage":0.05,
    "K_lf":0.01,
    "K_nash":0.03,
    "nash_storage":[
        0.0,
        0.0
    ],
    "giuh_ordinates":[
        0.5,
        0.29,
        0.14,
        0.05,
        0.02,
        0.0
    ],
    "stand_alone":1,
    "unit_test":0,
    "compare_results_file":"",
    "partition_scheme":"Schaake",
    "soil_scheme":"ode"
}