{
    "forcing_file":"../data/camels/gauch_etal_2020/nldas_hourly/01350080_hourly_nldas.csv",
    "catchment_area_km2":83.84,
    "alpha_fc":0.33,
    "soil_params":{
        "depth":2.0,
        "satdk":3.29625e-06,
        "satpsi":0.7138777337500001,
        "slop":0.06392817175000001,
        "smcmax":0.4776475775,
        "wltsmc":0.08263646975,
        "bb":5.0,
        "D":2.0,
        "mult":1000.0
    },
    "refkdt":3.3089302280000004,
    "max_gw_storage":0.107681976318,
    "Cgw":1.8e-05,
    "expon":4.0,
    "gw_storage":0.05,
    "soil_storage":0.05,
    "K_lf":0.01,
    "K_nash":0.03,
    "nash_storage":[
        0.0,
        0.0
    ],
    "giuh_ordinates":[
        0.17,
        0.19,
        0.2,
        0.17,
        0.11,
        0.08,
        0.05,
        0.02,
        0.01,
        0.0
    ],
    "stand_alone":1,
    "unit_test":0,
    "compare_results_file":"",
    "partition_scheme":"Schaake",
    "soil_scheme":"ode"
}