{
    "forcing_file":"../data/camels/gauch_etal_2020/nldas_hourly/02013000_hourly_nldas.csv",
    "catchment_area_km2":424.78,
    "alpha_fc":0.33,
    "soil_params":{
        "depth":2.0,
        "satdk":9.84831914893617e-06,
        "satpsi":0.25037297976595746,
        "slop":0.015897340702127654,
        "smcmax":0.44848244114893615,
        "wltsmc":0.058282822255319146,
        "bb":6.0,
        "D":2.0,
        "mult":1000.0
    },
    "refkdt":1.0171091769148939,
    "max_gw_storage":0.145186157227,
    "Cgw":1.8e-05,
    "expon":1.0,
    "gw_storage":0.05,
    "soil_storage":0.05,
    "K_lf":0.01,
    "K_nash":0.03,
    "nash_storage":[
        0.0,
        0.0
    ],
    "giuh_ordinates":[
        0.26,
        0.26,
        0.2,
        0.13,
        0.08,
        0.04,
        0.02,
        0.01,
        0.0,
        0.0
    ],
    "stand_alone":1,
    "unit_test":0,
    "compare_results_file":"",
    "partition_scheme":"Schaake",
    "soil_scheme":"ode"
}