{
    "forcing_file":"../data/camels/gauch_etal_2020/nldas_hourly/04213000_hourly_nldas.csv",
    "catchment_area_km2":455.3,
    "alpha_fc":0.33,
    "soil_params":{
        "depth":2.0,
        "satdk":3.9447169811320755e-06,
        "satpsi":0.7359754944905659,
        "slop":0.025030390226415095,
        "smcmax":0.555739740018868,
        "wltsmc":0.08311861675471702,
        "bb":3.0,
        "D":2.0,
        "mult":1000.0
    },
    "refkdt":0.15840121816981134,
    "max_gw_storage":0.014596405028999997,
    "Cgw":1.8e-05,
    "expon":7.0,
    "gw_storage":0.05,
    "soil_storage":0.05,
    "K_lf":0.01,
    "K_nash":0.03,
    "nash_storage":[
        0.0,
        0.0
    ],
    "giuh_ordinates":[
        0.47,
        0.27,
        0.15,
        0.07,
        0.03,
        0.01,
        0.0
    ],
    "stand_alone":1,
    "unit_test":0,
    "compare_results_file":"",
    "partition_scheme":"Schaake",
    "soil_scheme":"ode"
}