{
    "forcing_file":"../data/camels/gauch_etal_2020/nldas_hourly/02177000_hourly_nldas.csv",
    "catchment_area_km2":526.77,
    "alpha_fc":0.33,
    "soil_params":{
        "depth":2.0,
        "satdk":4.22590909090909e-06,
        "satpsi":0.18892282698484852,
        "slop":0.3349330841969697,
        "smcmax":0.4888061113030302,
        "wltsmc":0.05205364346969697,
        "bb":4.0,
        "D":2.0,
        "mult":1000.0
    },
    "refkdt":3.6773888333939397,
    "max_gw_storage":0.24879675293000003,
    "Cgw":1.8e-05,
    "expon":2.0,
    "gw_storage":0.05,
    "soil_storage":0.05,
    "K_lf":0.01,
    "K_nash":0.03,
    "nash_storage":[
        0.0,
        0.0
    ],
    "giuh_ordinates":[
        0.33,
        0.29,
        0.19,
        0.11,
        0.05,
        0.02,
        0.01,
        0.0,
        0.0,
        0.0,
        0.0
    ],
    "stand_alone":1,
    "unit_test":0,
    "compare_results_file":"",
    "partition_scheme":"Schaake",
    "soil_scheme":"ode"
}