{
    "forcing_file":"../data/camels/gauch_etal_2020/nldas_hourly/01552000_hourly_nldas.csv",
    "catchment_area_km2":1129.49,
    "alpha_fc":0.33,
    "soil_params":{
        "depth":2.0,
        "satdk":3.6308269230769224e-06,
        "satpsi":0.7085842546987178,
        "slop":0.13326081110256405,
        "smcmax":0.5060290820897436,
        "wltsmc":0.0821934867948718,
        "bb":5.0,
        "D":2.0,
        "mult":1000.0
    },
    "refkdt":0.7107550444807692,
    "max_gw_storage":0.046536464690999986,
    "Cgw":1.8e-05,
    "expon":3.0,
    "gw_storage":0.05,
    "soil_storage":0.05,
    "K_lf":0.01,
    "K_nash":0.03,
    "nash_storage":[
        0.0,
        0.0
    ],
    "giuh_ordinates":[
        0.34,
        0.3,
        0.19,
        0.1,
        0.05,
        0.02,
        0.0,
        0.0
    ],
    "stand_alone":1,
    "unit_test":0,
    "compare_results_file":"",
    "partition_scheme":"Schaake",
    "soil_scheme":"ode"
}