{
    "forcing_file":"../data/camels/gauch_etal_2020/nldas_hourly/02051500_hourly_nldas.csv",
    "catchment_area_km2":1428.71,
    "alpha_fc":0.33,
    "soil_params":{
        "depth":2.0,
        "satdk":6.491325714285716e-06,
        "satpsi":0.21735209393714286,
        "slop":0.008317792257142855,
        "smcmax":0.4210325008514285,
        "wltsmc":0.054516790342857134,
        "bb":5.988571428571428,
        "D":2.0,
        "mult":1000.0
    },
    "refkdt":2.4011387424114283,
    "max_gw_storage":0.1463980213140057,
    "Cgw":1.8e-05,
    "expon":3.8685714285714288,
    "gw_storage":0.05,
    "soil_storage":0.05,
    "K_lf":0.01,
    "K_nash":0.03,
    "nash_storage":[
        0.0,
        0.0
    ],
    "giuh_ordinates":[
        0.51,
        0.3,
        0.13,
        0.05,
        0.01,
        0.0
    ],
    "stand_alone":1,
    "unit_test":0,
    "compare_results_file":"",
    "partition_scheme":"Schaake",
    "soil_scheme":"ode"
}