{
    "forcing_file":"../data/camels/gauch_etal_2020/nldas_hourly/01350140_hourly_nldas.csv",
    "catchment_area_km2":43.76,
    "alpha_fc":0.33,
    "soil_params":{
        "depth":2.0,
        "satdk":7.741000000000001e-06,
        "satpsi":0.759000003,
        "slop":0.03193735633333333,
        "smcmax":0.4830957103333334,
        "wltsmc":0.083999999,
        "bb":6.333333333333333,
        "D":2.0,
        "mult":1000.0
    },
    "refkdt":0.8969257846666666,
    "max_gw_storage":0.154556564331,
    "Cgw":1.8e-05,
    "expon":3.0,
    "gw_storage":0.05,
    "soil_storage":0.05,
    "K_lf":0.01,
    "K_nash":0.03,
    "nash_storage":[
        0.0,
        0.0
    ],
    "giuh_ordinates":[
        0.18,
        0.19,
        0.2,
        0.18,
        0.14,
        0.07,
        0.03,
        0.01
    ],
    "stand_alone":1,
    "unit_test":0,
    "compare_results_file":"",
    "partition_scheme":"Schaake",
    "soil_scheme":"ode"
}