{
    "forcing_file":"../data/camels/gauch_etal_2020/nldas_hourly/02018000_hourly_nldas.csv",
    "catchment_area_km2":852.34,
    "alpha_fc":0.33,
    "soil_params":{
        "depth":2.0,
        "satdk":1.695191111111111e-05,
        "satpsi":0.25277312621111114,
        "slop":0.33799813572222226,
        "smcmax":0.454538082111111,
        "wltsmc":0.05779927734444445,
        "bb":5.433333333333334,
        "D":2.0,
        "mult":1000.0
    },
    "refkdt":2.236500226777778,
    "max_gw_storage":0.13021483082677776,
    "Cgw":1.8e-05,
    "expon":2.8666666666666667,
    "gw_storage":0.05,
    "soil_storage":0.05,
    "K_lf":0.01,
    "K_nash":0.03,
    "nash_storage":[
        0.0,
        0.0
    ],
    "giuh_ordinates":[
        0.3,
        0.25,
        0.16,
        0.1,
        0.07,
        0.05,
        0.03,
        0.02,
        0.01,
        0.01,
        0.0
    ],
    "stand_alone":1,
    "unit_test":0,
    "compare_results_file":"",
    "partition_scheme":"Schaake",
    "soil_scheme":"ode"
}