{
    "forcing_file":"../data/camels/gauch_etal_2020/nldas_hourly/02481000_hourly_nldas.csv",
    "catchment_area_km2":249.23,
    "alpha_fc":0.33,
    "soil_params":{
        "depth":2.0,
        "satdk":4.28973076923077e-06,
        "satpsi":0.14100000299999998,
        "slop":0.01344321273076923,
        "smcmax":0.4327283893461539,
        "wltsmc":0.046999998,
        "bb":6.0,
        "D":2.0,
        "mult":1000.0
    },
    "refkdt":3.2566594717692303,
    "max_gw_storage":0.013391527176,
    "Cgw":1.8e-05,
    "expon":7.0,
    "gw_storage":0.05,
    "soil_storage":0.05,
    "K_lf":0.01,
    "K_nash":0.03,
    "nash_storage":[
        0.0,
        0.0
    ],
    "giuh_ordinates":[
        0.34,
        0.21,
        0.14,
        0.08,
        0.04,
        0.03,
        0.02,
        0.02,
        0.02,
        0.03,
        0.02,
        0.01,
        0.01,
        0.01,
        0.01,
        0.01,
        0.0,
        0.0,
        0.0,
        0.0,
        0.0
    ],
    "stand_alone":1,
    "unit_test":0,
    "compare_results_file":"",
    "partition_scheme":"Schaake",
    "soil_scheme":"ode"
}