{
    "forcing_file":"../data/camels/gauch_etal_2020/nldas_hourly/02245500_hourly_nldas.csv",
    "catchment_area_km2":348.43,
    "alpha_fc":0.33,
    "soil_params":{
        "depth":2.0,
        "satdk":1.3107272727272727e-05,
        "satpsi":0.07256872124242422,
        "slop":0.07141178860606061,
        "smcmax":0.355234426,
        "wltsmc":0.012583946242424243,
        "bb":4.0,
        "D":2.0,
        "mult":1000.0
    },
    "refkdt":3.9451627103333333,
    "max_gw_storage":0.16400364685100002,
    "Cgw":1.8e-05,
    "expon":2.0,
    "gw_storage":0.05,
    "soil_storage":0.05,
    "K_lf":0.01,
    "K_nash":0.03,
    "nash_storage":[
        0.0,
        0.0
    ],
    "giuh_ordinates":[
        0.35,
        0.24,
        0.16,
        0.1,
        0.06,
        0.04,
        0.02,
        0.01,
        0.01,
        0.01,
        0.0,
        0.0,
        0.0,
        0.0
    ],
    "stand_alone":1,
    "unit_test":0,
    "compare_results_file":"",
    "partition_scheme":"Schaake",
    "soil_scheme":"ode"
}