{
    "forcing_file":"../data/camels/gauch_etal_2020/nldas_hourly/04115265_hourly_nldas.csv",
    "catchment_area_km2":95.78,
    "alpha_fc":0.33,
    "soil_params":{
        "depth":2.0,
        "satdk":1.4393000000000001e-05,
        "satpsi":0.054448353909090905,
        "slop":0.017895027454545454,
        "smcmax":0.4637785886363636,
        "wltsmc":0.033182766,
        "bb":4.0,
        "D":2.0,
        "mult":1000.0
    },
    "refkdt":3.6869752240909084,
    "max_gw_storage":0.22771209597863634,
    "Cgw":1.8e-05,
    "expon":1.0,
    "gw_storage":0.05,
    "soil_storage":0.05,
    "K_lf":0.01,
    "K_nash":0.03,
    "nash_storage":[
        0.0,
        0.0
    ],
    "giuh_ordinates":[
        0.27,
        0.17,
        0.12,
        0.09,
        0.07,
        0.06,
        0.04,
        0.04,
        0.04,
        0.04,
        0.03,
        0.02,
        0.01
    ],
    "stand_alone":1,
    "unit_test":0,
    "compare_results_file":"",
    "partition_scheme":"Schaake",
    "soil_scheme":"ode"
}