{
    "forcing_file":"../data/camels/gauch_etal_2020/nldas_hourly/02193340_hourly_nldas.csv",
    "catchment_area_km2":87.87,
    "alpha_fc":0.33,
    "soil_params":{
        "depth":2.0,
        "satdk":2.3766153846153844e-06,
        "satpsi":0.17037364346153844,
        "slop":0.15636276069230767,
        "smcmax":0.43680101923076925,
        "wltsmc":0.06271522138461538,
        "bb":6.769230769230769,
        "D":2.0,
        "mult":1000.0
    },
    "refkdt":1.9062145273076925,
    "max_gw_storage":0.010782544135999998,
    "Cgw":1.8e-05,
    "expon":6.0,
    "gw_storage":0.05,
    "soil_storage":0.05,
    "K_lf":0.01,
    "K_nash":0.03,
    "nash_storage":[
        0.0,
        0.0
    ],
    "giuh_ordinates":[
        0.51,
        0.29,
        0.14,
        0.04,
        0.02
    ],
    "stand_alone":1,
    "unit_test":0,
    "compare_results_file":"",
    "partition_scheme":"Schaake",
    "soil_scheme":"ode"
}