{
    "forcing_file":"../data/camels/gauch_etal_2020/nldas_hourly/01411300_hourly_nldas.csv",
    "catchment_area_km2":79.32,
    "alpha_fc":0.33,
    "soil_params":{
        "depth":2.0,
        "satdk":1.4982777777777777e-05,
        "satpsi":0.11125259855555554,
        "slop":0.41897916977777777,
        "smcmax":0.4500068793333334,
        "wltsmc":0.03416901922222222,
        "bb":7.666666666666667,
        "D":2.0,
        "mult":1000.0
    },
    "refkdt":3.869592488888889,
    "max_gw_storage":0.24203393554699998,
    "Cgw":1.8e-05,
    "expon":1.0,
    "gw_storage":0.05,
    "soil_storage":0.05,
    "K_lf":0.01,
    "K_nash":0.03,
    "nash_storage":[
        0.0,
        0.0
    ],
    "giuh_ordinates":[
        0.33,
        0.25,
        0.18,
        0.12,
        0.05,
        0.03,
        0.03,
        0.01
    ],
    "stand_alone":1,
    "unit_test":0,
    "compare_results_file":"",
    "partition_scheme":"Schaake",
    "soil_scheme":"ode"
}