{
    "forcing_file":"../data/camels/gauch_etal_2020/nldas_hourly/03011800_hourly_nldas.csv",
    "catchment_area_km2":100.1,
    "alpha_fc":0.33,
    "soil_params":{
        "depth":2.0,
        "satdk":1.2163750000000002e-05,
        "satpsi":0.3566500723333333,
        "slop":0.07601578833333332,
        "smcmax":0.4951476685833333,
        "wltsmc":0.06600001466666668,
        "bb":5.0,
        "D":2.0,
        "mult":1000.0
    },
    "refkdt":3.8481310890833336,
    "max_gw_storage":0.12744709014899996,
    "Cgw":1.8e-05,
    "expon":2.0,
    "gw_storage":0.05,
    "soil_storage":0.05,
    "K_lf":0.01,
    "K_nash":0.03,
    "nash_storage":[
        0.0,
        0.0
    ],
    "giuh_ordinates":[
        0.37,
        0.31,
        0.24,
        0.08
    ],
    "stand_alone":1,
    "unit_test":0,
    "compare_results_file":"",
    "partition_scheme":"Schaake",
    "soil_scheme":"ode"
}